name,email,phone_number,address,hobbies
Aldric Stobbe,astobbe0@soup.io,8957680317,Universidad Técnica de Oruro,OWA
Dewey Lohde,dlohde1@opensource.org,9505111392,Shanxi University,Type 1 Diabetes
Charley Hyder,chyder2@rediff.com,6762626647,Devi Ahilya University of Indore,Food
Charlton Poluzzi,cpoluzzi3@shareasale.com,9654734110,Belarusian-Russian University,iOS Development
Lucais Kelf,lkelf4@samsung.com,5755870204,Rockhurst College,OGC Gateway Reviews
Benny Bayles,bbayles5@wordpress.com,5608038059,Northern Sichuan Medical College,MMSC
Coletta Mingardi,cmingardi6@csmonitor.com,5612948092,East Tennessee State University,Mentoring
Anallese Spendley,aspendley7@nydailynews.com,7162242500,Kushiro Public University of Economics,RRIF
Amity Briat,abriat8@dagondesign.com,1299770401,European Institute of Education,WordPress
Sheela Enevoldsen,senevoldsen9@imageshack.us,1082306785,Colorado School of Mines,Value Stream Mapping
Jecho Callow,jcallowa@wikispaces.com,4288995028,Universidad Central de Venezuela,Feature Writing
Jessamyn Hadaway,jhadawayb@t.co,3146911218,Barcelona Graduate School of Economics,Visual Basic
Petrina Cluelow,pcluelowc@umn.edu,4731780190,Voronezh State Technical University,LR
Reggi Hinkins,rhinkinsd@comcast.net,1535124464,Palmer College of Chiropractic West,JDK
Melisent Bazelle,mbazellee@people.com.cn,2394138396,Instituto Superior de Ciênicas e Tecnologia de Moçambique,DBMS
Malory McKernan,mmckernanf@ca.gov,9993954182,Universidade Federal do Maranhão,WTO
Humfrey Shelper,hshelperg@ca.gov,8186484685,Tokyo University of Agriculture,Embedded Systems
Katee Friar,kfriarh@newyorker.com,5379897461,Universidad del Noroeste,GCIH
Hildagarde McKernan,hmckernani@hud.gov,2644015624,University of Reading,MyFaces
Drusilla Bedson,dbedsonj@tinypic.com,1844538134,Sultan Qaboos University,SQL Server Management Studio
Smitty Insole,sinsolek@furl.net,1055393141,Columbia Southern University,Employee Relations
Etta Stanlock,estanlockl@hud.gov,8625720536,Northface University,VLR
Christian Kuna,ckunam@sitemeter.com,4895518339,Universidad Tecnológica del Peru,Eye Tracking
Theressa Beccera,tbecceran@privacy.gov.au,2303774071,Middlesex University,VFX Supervision
Whittaker Jenson,wjensono@msu.edu,6293555635,Al-Asmarya University for Islamic Studies,TMA
Erin Gettins,egettinsp@nih.gov,6253065653,Sul Ross State University,Web Content
Clywd Nulty,cnultyq@yolasite.com,2585266771,Universidad Americana,Toxicology
Bern Rosenauer,brosenauerr@chronoengine.com,2846191412,St. Petersburg State University of Civil Aviation,Mixed Signal
Antons Ragge,aragges@army.mil,8543141369,Saratov State University,MCITP
Cristionna Wellbelove,cwellbelovet@yellowbook.com,8755133512,"Islamic Azad University, Garmsar",Blended Learning
Misty Skinn,mskinnu@columbia.edu,3044471005,"Indian Institute of Management, Tiruchirappalli",JPEG
Yancey Carlisso,ycarlissov@unesco.org,1845473746,Our Lady of the Lake University,TCR
Ganny Gulliman,ggullimanw@cocolog-nifty.com,2712052946,Shokei College,BJJ
Arley Adnams,aadnamsx@alibaba.com,1292483367,Universidad Autónoma Metropolitana - Azcapotzalco,Ruby on Rails
Charisse Messenger,cmessengery@flavors.me,2652316585,Kyungnam University,QRadar
Morie Malletratt,mmalletrattz@businesswire.com,4995699241,Universidad Autónoma del Estado de Hidalgo,Kitchen Cabinets
Deerdre Bengall,dbengall10@chronoengine.com,6378219450,Siauliai University,MTA
Arlena Jankin,ajankin11@seesaa.net,6605846329,Phillips University,QFD
Leelah Coleson,lcoleson12@miitbeian.gov.cn,3049074622,Moldova Cooperative Trade University,IP Networking
Glory Lyste,glyste13@photobucket.com,9363471114,Universidad del Tepeyac,WFL
Jeanette Marjanovic,jmarjanovic14@moonfruit.com,9223439280,American InterContinental University Online,QROPS
Nikoletta Muglestone,nmuglestone15@sakura.ne.jp,6049144480,Rocky Mountain College of Art and Design,NIMS
Jilly Lemmen,jlemmen16@vistaprint.com,4785150544,Université Libre de Bruxelles,Loans
Hedvige Kirke,hkirke17@businesswire.com,2459629020,The McGregor School of Antioch University,EPC
Theresina Slides,tslides18@yellowpages.com,2173891449,Kano State University of Technology Wudil,Solid Oxide Fuel Cells
York Persence,ypersence19@washington.edu,4644903456,Universidad Nacional de Río Cuarto,Pyxis
Paige Zoppo,pzoppo1a@xrea.com,7636818619,Universidad Estatal a Distancia,Private Equity
Katrina Basterfield,kbasterfield1b@imageshack.us,5301469628,Shiraz University of Medical Sciences,Oracle Identity Manager
Abbie Mattioli,amattioli1c@multiply.com,1916868185,Universidad Tecnológica San Antonio de Machala,Sustainability
Murray Garnsey,mgarnsey1d@harvard.edu,1898634922,Institut National Polytechnique de Toulouse,MDR
Maxie Greenroad,mgreenroad1e@deviantart.com,6966539657,Azerbaijan Toursim Institute,Vector NTI
Felice Eastop,feastop1f@jimdo.com,2802007483,Fachhochschule Salzburg,solid-state NMR
Gabbie Abdon,gabdon1g@feedburner.com,1351514909,Université Épiscopale d'Haiti,TCP
Clementine Cuttles,ccuttles1h@issuu.com,1032098369,Azad Jammu and Kashmir University,Single Family Homes
Fanechka Greville,fgreville1i@businessweek.com,5828875324,Western Baptist College,Urban
Derrick Haccleton,dhaccleton1j@wordpress.org,5127960684,East China University of Science and Technology,Urban Agriculture
Ab Fourmy,afourmy1k@skype.com,8715540272,Banasthali University,Kundalini
Blythe Persent,bpersent1l@disqus.com,9626022956,Kashan University of Medical Sciences,JUnit
Zacharias Jimmes,zjimmes1m@dedecms.com,2422725086,Mississippi Valley State University,SnapMirror
Otto Swalwel,oswalwel1n@instagram.com,8776515216,State University of New York at Stony Brook,Unity3D
Ax Glavias,aglavias1o@github.io,5686228520,Nkumba University,MFC
Barty Holdren,bholdren1p@businessweek.com,3247713824,Moldova State Agricultural University,ICH Guidelines
Shane Pickston,spickston1q@blogs.com,9909365814,Montclair State University,Image Manipulation
Chiquia Mebius,cmebius1r@npr.org,8378007767,Andon College - Modesto,Process Engineering
Maritsa Mum,mmum1s@blogger.com,5507096656,Elon College,Agile Testing
Fanya Prium,fprium1t@tripod.com,7547697826,Conestoga College,Silverlight
Arny Niblock,aniblock1u@gnu.org,6847316322,Sampurnanand Sanskrit University,LCMS
Emmi Fowlestone,efowlestone1v@prweb.com,9738696067,Kyoto University of Foreign Studies,Manufacturing Operations Management
Keenan Auchterlonie,kauchterlonie1w@techcrunch.com,6682849178,Central Bible College,SMSTS
Darius Clears,dclears1x@miibeian.gov.cn,8021918941,Al Azhar University,HF
Kalli Brettell,kbrettell1y@1und1.de,6986335481,University of Charleston,QPSK
Nikki Gaunson,ngaunson1z@dmoz.org,9747721493,Central Agricultural University,Aircraft Systems
Fred Haulkham,fhaulkham20@twitpic.com,8809520131,Evergreen State College,GS1
Del MacDonnell,dmacdonnell21@yale.edu,9186042515,Mansfield University of Pennsylvania,Nutrition Education
Mario Bullene,mbullene22@baidu.com,1341646744,Cyprus International University,Biomass
Lyndell Ketchaside,lketchaside23@hatena.ne.jp,2144179761,California Institute of Technology,CFK
Mildrid Cray,mcray24@noaa.gov,1824435677,Inchon National University of Education,iGaming
Madelyn Ogley,mogley25@gravatar.com,1334431415,Ahlulbait International University,TCD
Germaine Merton,gmerton26@flavors.me,7561949659,Suwon University,RCV
Raphael Minter,rminter27@bloglines.com,8151910279,Ho Chi Minh City University of Natural Sciences,DTDs
Franciska Nuzzetti,fnuzzetti28@w3.org,8364667402,Benha University,Lumion
Dev Gyorffy,dgyorffy29@mapy.cz,7318201544,University of Cebu,BD+C
Ferdinande Sillett,fsillett2a@ocn.ne.jp,2144816626,Aarhus School of Architecture,TNCC
Ruthie Umbert,rumbert2b@tumblr.com,6329915550,Knox College,Xcode
Isaac Bramo,ibramo2c@independent.co.uk,5151311312,Coppin State College,Business Ethics
Wolfy Fontenot,wfontenot2d@odnoklassniki.ru,3296827240,"University of Maine, Augusta",Medical Terminology
Timothee Jillett,tjillett2e@liveinternet.ru,3384443340,Universitas Gajayana Malang,Early Childhood Literacy
Augustin Ind,aind2f@apple.com,8143154950,Fundación Universitaria Luis Amigó,uCOS
Marcellina Schulze,mschulze2g@cafepress.com,9806146908,Finlandia University,Twitter API
Starr Rontsch,srontsch2h@barnesandnoble.com,3833252938,Ama International University,GSM
Robbi Rennock,rrennock2i@ustream.tv,7044657473,Dalian University,MBCS
Harcourt Saich,hsaich2j@wikimedia.org,8251607257,Roosevelt Academy University College,Residential Mortgages
Fredric Kennion,fkennion2k@nih.gov,6144404280,Moscow Institute of Physics and Technology,DNSSEC
Julienne Gorhardt,jgorhardt2l@who.int,1411711076,Landmark University,Store Management
Lizette Stollmeyer,lstollmeyer2m@statcounter.com,3512462498,Breyer State University (Virtual University),FFIEC
Berny Whatling,bwhatling2n@cam.ac.uk,9849883634,Lebanese American University,MCH
Arabel Bottrill,abottrill2o@amazon.co.uk,3091692197,Auburn University at Montgomery,MyChart
Gerianna Haines,ghaines2p@list-manage.com,6833053348,Jordan Academy of Music / Higher Institute of Music,Rhinoceros
Nathanil Kerslake,nkerslake2q@mac.com,5181746356,"Concordia University, Mequon",Photoshop
Sallee Letterese,sletterese2r@google.com.au,9956336829,Universitas Bung Hatta,American English
Audi A'field,aafield2s@homestead.com,8575689516,Warner Pacific College,Employee Engagement
Wood Tukely,wtukely2t@t.co,5003362474,Gwynedd-Mercy College,Kinetic Typography
Anabal Favela,afavela2u@rediff.com,2673123770,Matn University,Technical Writing
Kiel Ryton,kryton2v@reddit.com,2519287696,Hood College,Ultiboard
Cass Sharland,csharland2w@ow.ly,6618849555,University of the Southwest,Small Business Marketing
Celestine Cullimore,ccullimore2x@naver.com,6864015994,Deutsche Hochschule für Verwaltungswissenschaften Speyer,Strategic Human Resources Leadership
James Avrahamov,javrahamov2y@slideshare.net,8104825948,Kyunghee University,PIX
Elnora Skillett,eskillett2z@youtube.com,5313795327,Sindh Agricultural University,Threat &amp; Vulnerability Management
Sydney Cayette,scayette30@foxnews.com,9897696060,Pabna University of Science and Technology,Customer Insight
Bartlett Devonish,bdevonish31@china.com.cn,4029392906,Khmelnitsky National University,Voice Acting
Jakie Van Rembrandt,jvan32@icq.com,6159059736,Ittihad University,APO SNP
Jeralee Ducrow,jducrow33@bbb.org,7738132702,Persian Gulf University,Analog Circuit Design
Giffy Revie,grevie34@ifeng.com,6215826307,Modern University for the Humanities,GMP
Isidro Elt,ielt35@rambler.ru,7965789852,Moscow State University of Civil Engineering,Game Design
Coleen MacGarvey,cmacgarvey36@sciencedirect.com,1982087350,Oakton Community College,Graphics
Rube Zack,rzack37@ox.ac.uk,2206030265,School of Design and Crafts,Sybase SQL Anywhere
Ophelia Grierson,ogrierson38@mtv.com,2556160935,Oregon Health Sciences University,Owner Representation
Shirley Catterall,scatterall39@blogspot.com,6787489592,Brown University,Yacht Racing
Kaitlyn Luparto,kluparto3a@state.tx.us,6596709802,North-West State Technical University,Vegetables
Amory Tran,atran3b@chicagotribune.com,7491646248,St. Mary's University,Zuken
Odell Desantis,odesantis3c@apple.com,9081206883,Coe College,Home Care
Jervis Hainey,jhainey3d@live.com,3959697759,Wittenborg University,CFR
Cyndie Vondruska,cvondruska3e@alexa.com,9601982733,"Institute of Teachers Education, Tuanku Bainun",CDO
Jan Kegg,jkegg3f@patch.com,8986937795,State University of New York College at Cortland,VSOE
Elliott Klousner,eklousner3g@businessinsider.com,7789151448,Awadhesh Pratap Singh University,BPO
Augustina Dolman,adolman3h@yale.edu,7726612541,Marian College of Fond Du Lac,Technical Support
Fanny Bacchus,fbacchus3i@cbslocal.com,7127022531,Rust College,HNI
Jens De Lasci,jde3j@bing.com,7602770855,University of the Sciences in Philadelphia,JSON
Midge Biesterfeld,mbiesterfeld3k@mapquest.com,2272018045,Shanghai Jiaotong University,Protein Expression
Shannon Sansome,ssansome3l@amazon.de,2014720555,Huron University USA in London,VSEO
Arnoldo O'Scannill,aoscannill3m@usnews.com,9482934602,Universidad Autónoma del Noreste,SSAE 16
Shannan Hedditch,shedditch3n@hubpages.com,4815096760,"Davenport College of Business, Kalamazoo",CFII
Simon Tittletross,stittletross3o@wix.com,4162267020,"Schiller International University, London",MPI
Svend Krolle,skrolle3p@google.pl,5961842664,Universidad Católica del Uruguay,Sustainable Development
Elna Kirkham,ekirkham3q@nsw.gov.au,6438829448,Massachusetts Maritime Academy,Artistic Abilities
Thom Chree,tchree3r@stanford.edu,8842062999,Samara State Aerospace University,Novels
Elianora Errichi,eerrichi3s@intel.com,6735550096,Kokand State Pedagogical Institute,QARun
Gilligan Farrants,gfarrants3t@google.co.jp,4661428573,Anderson University,DMT
Godfrey Kleinstern,gkleinstern3u@cbsnews.com,5295218690,St. Mary's University of Minnesota,GTK+
Tabina Beamson,tbeamson3v@census.gov,4669441170,Araullo University,Music History
Stanley Webburn,swebburn3w@newsvine.com,2665278647,Brookdale Community College,Ultra Low Latency
Gwenette Liver,gliver3x@exblog.jp,6027087273,University of Pittsburgh at Johnstown,GPS Tracking
Thalia Pacquet,tpacquet3y@dailymail.co.uk,6835153494,Svey Reong University,CQG
Bren Cundy,bcundy3z@woothemes.com,9655659608,Meijo University,Zyxel
Carmelina Lowres,clowres40@webnode.com,6102644875,University of the Pacific,Home Health Agencies
Wiatt Wardhough,wwardhough41@netlog.com,6095860557,Westhill University,Axis2
Kial Hankard,khankard42@chicagotribune.com,6494996942,Universidad Católica Santo Toribio de Mogrovejo,Logging
Sid Measen,smeasen43@va.gov,8786522232,"University College London, University of London",GSD
Laurena Northage,lnorthage44@craigslist.org,4645458660,Nanjing Forestry University,Xero
Kirbie Sebborn,ksebborn45@wisc.edu,6117506039,St. Petersburg Repin State Academic Institute of Painting Sculpture and Achitecture,User Experience
Elonore Bimrose,ebimrose46@yellowbook.com,5014741666,Universitas Lancang Kuning,Osteopathy
Mahalia Fitzsimmons,mfitzsimmons47@netvibes.com,7027899798,University of Phoenix,Aquariums
Phineas Nester,pnester48@dedecms.com,8083757679,University of the Assumption,EBIT
Ettore Hallede,ehallede49@unblog.fr,9062664155,London Business School,VLSI
Wenona McCambridge,wmccambridge4a@imdb.com,6871746726,Okayama University,VRML
Darrel Redwall,dredwall4b@artisteer.com,5774365631,"École de technologie supérieure, Université du Québec",Mineral Exploration
Terri Donnellan,tdonnellan4c@msu.edu,2346051868,Université Libre de Bruxelles,Nitric Oxide
Carline Stobbs,cstobbs4d@economist.com,3752326591,Université Catholique de Lyon,Research
Galina Saynor,gsaynor4e@scientificamerican.com,8986509352,Universidad de Oriente,Novels
Lindsey Amerighi,lamerighi4f@ucoz.com,7651969095,Jarvis Christian College,FQHC
Corri Lutty,clutty4g@mozilla.com,9187540684,Kanazawa Institute of Technology,Vulnerability Research
Wilone Mundie,wmundie4h@homestead.com,8261634759,United States Military Academy,Move Up Buyers
Karry McGeachie,kmcgeachie4i@netvibes.com,3515989774,Eberhard-Karls-Universität Tübingen,NBAP
Marie-ann Hancell,mhancell4j@chicagotribune.com,5995018877,Universitas Proklamasi 45,NMON
Jerrome Flight,jflight4k@hexun.com,4696941579,Shanghai TieDao University,TCP/IP
Frasier Monier,fmonier4l@businessinsider.com,8153390941,Tokyo Dental College,Xbox One
Milo Colombier,mcolombier4m@pcworld.com,1739661671,Shahrood University of Technology,Medical Devices
Munmro Dreinan,mdreinan4n@yelp.com,5917492811,Olabisi Onabanjo University ,OmniPage
Tomas Novotne,tnovotne4o@feedburner.com,3773551207,"Université du Centre, Sousse",After FX
Ugo D'Errico,uderrico4p@japanpost.jp,2249857665,State University of New York College at Fredonia,Culture Change
Bennie Tame,btame4q@tinyurl.com,8793105758,Joetsu University of Education,BOSIET
Rosalie Briar,rbriar4r@ask.com,1157463307,Maine Maritime Academy,Protein Purification
David Sergeaunt,dsergeaunt4s@illinois.edu,1412404183,Universität Hannover,Snowmobile
Tedra Goulbourn,tgoulbourn4t@berkeley.edu,6947027290,Lutheran School Of Theology In Aarhus,Blended Learning
Fred Arminger,farminger4u@cafepress.com,8547732254,Florida State University,Food Safety
Deck Sydney,dsydney4v@de.vu,7365366174,Taizhou College,GCIA
Jacquelyn Munnings,jmunnings4w@mysql.com,9319010733,University of Management and Technology,GFS
Karon Golsby,kgolsby4x@odnoklassniki.ru,7177734446,University of Anbar,Socket.io
Filberte Mossop,fmossop4y@people.com.cn,9745532418,University of Birmingham,RVs
Michaelina Chipperfield,mchipperfield4z@huffingtonpost.com,7181334044,Universidad Bellas Artes,Emerging Markets
Marylynne Bilton,mbilton50@cbsnews.com,3599723788,Universidad de Oviedo,IBM AS/400
Zsazsa Tixall,ztixall51@usda.gov,4408626813,"Politécnico Columbiano ""Jaime Isaza Cadavid""",DNA fingerprinting
Delilah Powley,dpowley52@hugedomains.com,1823361477,Dominica State College,Basel III
Catherina Alessandretti,calessandretti53@answers.com,6874409667,Greenford International University,AED
Susanne Try,stry54@icq.com,7741282176,Augustana College,JBoss Application Server
Deloria Martschik,dmartschik55@ihg.com,1144531498,University of the Italian-speaking Part of Switzerland,Brand Development
Elyse Reiling,ereiling56@yelp.com,8116205805,Hiroshima Prefectural University,RCDD
Ritchie Westhead,rwesthead57@wiley.com,5123096660,Instituto Universitario CEMA,Radio Broadcasting
Andros Mashro,amashro58@tuttocitta.it,2761482219,"City University of New York, New York City Technical College",IMS DB/DC
Brook Empringham,bempringham59@odnoklassniki.ru,9078923534,Al al-Bayt University,Object Oriented Design
Jorie Smallcomb,jsmallcomb5a@bing.com,3447444042,Tyumen State University,Aftersales
Sindee Wellan,swellan5b@bing.com,9709178480,School of Education Pisa,Resume Writing
Katrina Britto,kbritto5c@mediafire.com,7342601383,Ecole Supérieure Internationale d'Administration des Entreprises,Publications
Worden Rubenov,wrubenov5d@ycombinator.com,7252469224,Providence College,Tds
Gavin Slesser,gslesser5e@fc2.com,6523992790,International Sakharov Environmental University,IV
Car Rizzone,crizzone5f@i2i.jp,4029991694,Postgraduate lnstitute of Medical Education and Research,SSADM
Worthy Reyne,wreyne5g@wired.com,4858534847,"University of the East, Ramon Magsaysay Memorial Medical Center",Social Networking
Benedick Free,bfree5h@blog.com,8273760690,College of the Rockies,Telecommunications
Lowrance Spondley,lspondley5i@sakura.ne.jp,3673111200,Minhaj University Lahore,Budgets
Farica Vokins,fvokins5j@cam.ac.uk,9596506214,Hiroshima Bunkyo Women's University,Oscilloscope
Donal Marquiss,dmarquiss5k@va.gov,9446603370,Yanbu Industrial College,FCPA
Shoshana Bridgman,sbridgman5l@answers.com,4603648304,University of Technology - Iraq,Swim Instruction
Lavinia Bosenworth,lbosenworth5m@twitter.com,5551572065,Burapha University,QlikView Development
Malynda Fulcher,mfulcher5n@jugem.jp,2523590431,"American University Extension, Okinawa",Videography
Evaleen Josilowski,ejosilowski5o@yahoo.com,5172034377,Paktia University,MbUnit
Tallie MacGee,tmacgee5p@illinois.edu,5687718682,Medizinische Hochschule Hannover,Business Rules
Gael Lycett,glycett5q@unicef.org,6673273051,Bodo Regional University,Banking
Gilberto Flisher,gflisher5r@rediff.com,4999752637,Notre Dame Women's College,Athlete Development
Janifer Wethey,jwethey5s@cyberchimps.com,6256095804,Shanghai Lixin University of Commerce,Oxygen XML Editor
Bastian Merington,bmerington5t@ca.gov,2191635250,Miami University of Ohio - Middletown,Feasibility Studies
Anastasie Husband,ahusband5u@icio.us,9912808522,"Technological Education Institute of Halkida, Euboea",Yard Management
Corabelle Hurworth,churworth5v@php.net,6702123863,MacEwan University,Owner Representation
Randie Behnecken,rbehnecken5w@chicagotribune.com,3501164018,Escuela Colombiana de Ingeniería Julio Garavito,Juggling
Theadora Masi,tmasi5x@phoca.cz,8885086613,Universidad de Flores - Buenos Aires,KXEN
Georgetta Chadwick,gchadwick5y@amazon.co.jp,8437643607,Wittenborg University,Observational Studies
Royal Prue,rprue5z@auda.org.au,4704148833,Anhui Medical University,Critical Thinking
Kahlil Mease,kmease60@bloomberg.com,9284994375,Rivers State University of Science and Technology,Publicity
Emiline Gonsalvo,egonsalvo61@omniture.com,2991525775,Ecole Supérieure de Commerce de Reims,Vendor Relationship Management
Georgie Duggary,gduggary62@slideshare.net,4503969225,Glion Institute of Higher Education,OLTP
Irwin Burnip,iburnip63@ovh.net,7765821559,National Taipei University,IntelliJ IDEA
Deanne Stockau,dstockau64@noaa.gov,5483194384,Qazvin University of Medical Sciences,WS-Federation
Ailee Golling,agolling65@theglobeandmail.com,6256657313,Arcadia University,iPhoto
Camila Dimmick,cdimmick66@japanpost.jp,6138453318,Prince Sultan University,Backbone.js
Hilary Yurchenko,hyurchenko67@rakuten.co.jp,6842830047,Nilai University College,Peer Tutoring
Cacilia Thowless,cthowless68@live.com,8373448522,COSMIQ Institute of Technology,Business Intelligence Tools
Nikki Pasby,npasby69@posterous.com,5338308930,Institute of Space Technology,TLM
Silvano Tolumello,stolumello6a@hao123.com,2055762829,Meru University of Science and Technology,Fundraising
Jerrie Forson,jforson6b@addthis.com,3788615131,Instituto Politécnico da Guarda,IAS 39
Nat McQuillin,nmcquillin6c@weather.com,9399682045,Medical Academy in Lublin,Branding &amp; Identity
Darcy Wakely,dwakely6d@tripod.com,9284921713,Aarhus School of Business,SQLite
Joyan Wenger,jwenger6e@paginegialle.it,2317563088,Ecole Nationale de l'Aviation Civile,Zemax
Shaylyn Pavy,spavy6f@qq.com,5223997049,Central University for Nationalities,Driven By Results
Devin Gunter,dgunter6g@apple.com,7816175794,West China University of Medical Sciences,Ext JS
Leena McNickle,lmcnickle6h@unblog.fr,1332814075,Azad Jammu and Kashmir University,Art Exhibitions
Alain Cutriss,acutriss6i@globo.com,8184595912,Campion College,JDO
Melloney Bogue,mbogue6j@google.ca,6723675878,Universitas Terbuka Indonesia,After FX
Junina Powrie,jpowrie6k@bloomberg.com,1699103425,William Penn College,Strategy
Elisha Soonhouse,esoonhouse6l@hostgator.com,6084843053,Postgraduate Institute of Agriculture (PGIA),WPA
George Riha,griha6m@bluehost.com,9895979260,Southern Connecticut State University,Urban Forestry
Hannah Tankin,htankin6n@indiatimes.com,6746538981,Universiti Teknologi Mara,Hlookups
Jae MacCostye,jmaccostye6o@globo.com,6545787607,Taipei Medical College,Smart Grid
Rasia Gumly,rgumly6p@mysql.com,4539567210,University of Electronic Science and Technology of China,PMP
Reese Condict,rcondict6q@example.com,8985922295,Tennessee Technological University,Academic Advising
Ichabod Milby,imilby6r@etsy.com,3147765089,Universidad del Azuay,LSP
Jenny Hammonds,jhammonds6s@clickbank.net,1962674111,National University of Singapore,Microsoft Dynamics AX
Sunshine Rosenfarb,srosenfarb6t@mlb.com,8873921961,Marlboro College,XSS
Ethelred Levane,elevane6u@bloglovin.com,8158870231,Université Euro-Afrique,ISTQB
Fayre Malmar,fmalmar6v@tamu.edu,5245890649,Academy of Fine Arts and Design in Bratislava,HTML Help Workshop
Katee Penhalewick,kpenhalewick6w@princeton.edu,8286920205,Ferdowsi University of Mashhad,Generators
Rebeca MacAllan,rmacallan6x@nyu.edu,2258818849,Galway Mayo Institute of Technology,Sensory Evaluation
Rhody Bygreaves,rbygreaves6y@meetup.com,9909393834,Denison University,UIM
Kareem Duding,kduding6z@cloudflare.com,4913388286,Southeast University,Commercial Aviation
Nessie Cleaveland,ncleaveland70@ted.com,5545635273,University of Sri Jayawardenapura,DDI Certified
Evangelin Purchon,epurchon71@sitemeter.com,5139295511,Higher Institute of Agriculture and Animal Husbandry,Avid Media Composer
Morganica Aron,maron72@about.com,5061696614,Scott Christian University,Shopping Centers
Mackenzie Chazier,mchazier73@kickstarter.com,1382462472,Okayama Prefectural University,Logo Design
Redd Vagges,rvagges74@bing.com,7273247179,Université des Montagnes,Networking
Tom Meigh,tmeigh75@gizmodo.com,1999582931,Polytechnical University of Kabul,Online Gambling
Wylie Bruneton,wbruneton76@google.pl,7593112842,Windsor University School of Medicine,PDS Frameworks
Rayshell Louedey,rlouedey77@webnode.com,7634965294,University of Applied Sciences Rapperswil,GPRS
Giulietta Presswell,gpresswell78@dedecms.com,8023695386,Chongqing Telecommunication College,Firewalls
Chantal Kapiloff,ckapiloff79@facebook.com,4699780492,Universidad de La Guajira,Yacht Racing
Catherina Corrett,ccorrett7a@hud.gov,5555485489,Premier University,MySQL Cluster
Edeline Raulin,eraulin7b@paypal.com,6981794326,Vinoba Bhave University,BSP
Klemens Vina,kvina7c@usnews.com,5706136902,Warnborough University,CPA
Antone Tales,atales7d@ebay.co.uk,9641130326,Walsh College of Accountancy and Business Administration,Database Marketing
Molly McGuirk,mmcguirk7e@jiathis.com,4524024954,Otis College of Art & Design,Tax Advisory
Lewiss Cund,lcund7f@time.com,3547455116,Cag University,Quality Control
Melantha Schutt,mschutt7g@taobao.com,6874528427,Durham College,IES VE
Daron Michelet,dmichelet7h@ow.ly,4121590710,University “Pavaresia” Vlore,Early-stage Startups
Vinnie Myles,vmyles7i@hugedomains.com,3055294012,Kansai University of International Studies,AU
Mitchell Woodroof,mwoodroof7j@pinterest.com,1013778408,Northwestern Oklahoma State University,MCS
Gertie Fearneley,gfearneley7k@ycombinator.com,9136300262,Western Mindanao State University,Customer Relations
Rosy Dryburgh,rdryburgh7l@spotify.com,9521579101,University of San Carlos,Gemba Kaizen
Gaultiero Durnill,gdurnill7m@abc.net.au,7723062214,Kaboora Institute of Higher Education,Oil Sands
Liuka Starsmeare,lstarsmeare7n@addtoany.com,6793517093,Otto-Friedrich Universität Bamberg,FSL
Bethanne Di Domenico,bdi7o@wikispaces.com,9109133742,Universidad del Salvador,Job Evaluation
Delmar Hazel,dhazel7p@sphinn.com,4771911478,Columbia Commonwealth University,Objection Handling
Michal Mynott,mmynott7q@purevolume.com,1789604413,Sir Syed Institute Of Technology Islamabad,QoS
Clarisse Patel,cpatel7r@cyberchimps.com,9711914127,Aarhus School of Business,Background Checks
Joye Huffer,jhuffer7s@epa.gov,2707810974,University of Northern Iowa,Luciferase Assay
Giavani Ullock,gullock7t@mysql.com,8787918705,American University of Beirut,GTP
Bobinette Jecks,bjecks7u@engadget.com,2165408830,Estonian Academy of Music and Theatre,Topographic Surveys
Mavra Marriage,mmarriage7v@narod.ru,7254312989,Coe College,IKEv2
Cassy Hebard,chebard7w@nature.com,5319602352,University of Al-Qadisiyah,Newsletters
Trixie Hawick,thawick7x@myspace.com,4666528596,University of Turin,EEG
Nana Bridson,nbridson7y@springer.com,5356478540,Shahrood University of Medical Sciences,TMS320
Emlyn Dunleavy,edunleavy7z@upenn.edu,3701512309,King Fahad University of Petroleum and Minerals,Field Work
Catharine Kinig,ckinig80@timesonline.co.uk,8698829040,St. Ambrose University,HP Quality Center
Phylis MacGibbon,pmacgibbon81@umich.edu,5351978865,Universidad Politécnica de El Salvador,IED
Marin Castellone,mcastellone82@economist.com,2437992339,"Federal University of Technology, Akure",RLM
Ursuline Kayzer,ukayzer83@nifty.com,2442693389,Governors State University,RSView
Oralla Reichardt,oreichardt84@wix.com,6489954844,Universidade Federal de Sergipe,OEL
Merlina Cicci,mcicci85@nyu.edu,2863536286,Gulu University,OAT
Emelyne Ocklin,eocklin86@google.cn,7223176609,Colorado Christian University,UFS
Lemuel Moughton,lmoughton87@webnode.com,5368717382,"Troy University, Montgomery",XTRACT
Chevy Coleshill,ccoleshill88@techcrunch.com,6858895412,Wako University,Reality TV
Cullin Alessandrini,calessandrini89@xrea.com,7993157302,University of Toledo,JDF
Skyler Passfield,spassfield8a@arstechnica.com,9031318459,Yan Shan University,QEMU
Yovonnda Chinnery,ychinnery8b@rambler.ru,5415402158,Southeastern College of the Assemblies of God,Wireless Networking
Lizbeth De Giorgio,lde8c@twitter.com,6612965840,"Université Abou Bekr Belkaid, Tlemcen",Clarity FSR
Hussein Janous,hjanous8d@va.gov,2674752504,Dongbei University of Finance And Economics,Db4o
Zackariah Pandey,zpandey8e@abc.net.au,1014411302,Darul Hikmah Islamic College,FSC certified
Karry Whorton,kwhorton8f@mail.ru,8957792382,University of Texas at El Paso,Development Economics
Free Cruickshank,fcruickshank8g@yahoo.com,7305206884,Tohoku University of Art and Design,Affirmative Action
Sula Schindler,sschindler8h@blogtalkradio.com,2112296590,Komazawa University,Emergency Nursing
Willabella Berth,wberth8i@slideshare.net,3846321101,University of Technology Jamaica,BPWin
Riva McFarlane,rmcfarlane8j@craigslist.org,5297504085,University of Arkansas at Monticello,Fitness
Maryann Luquet,mluquet8k@weibo.com,8166100728,Lee University,Canon XH-A1
Noll Housbie,nhousbie8l@e-recht24.de,1089237977,Kangnam University,CCNP Certified
Ogdan Hasney,ohasney8m@phpbb.com,1098165450,Université de Blida,ABS
Eugene Ferrulli,eferrulli8n@etsy.com,2583616449,The Curtis Institute of Music,HFC
Toddy Juggins,tjuggins8o@cdbaby.com,1206683355,Polonia University in Czêstochowa,Sony Vegas
Orelle Matura,omatura8p@ifeng.com,9833054580,Huazhong Agricultural University,IPTV
Federico Clendennen,fclendennen8q@360.cn,3539206948,University of Nebraska Medical Center,RTU
Gunilla Broderick,gbroderick8r@va.gov,4282518527,Universitas Kristen Satya Wacana,Rugby
Giuseppe Dummigan,gdummigan8s@ucoz.ru,8993804838,Medical University Pleven,SSI
Esme Jacobssen,ejacobssen8t@wix.com,5732280319,International Hellenic University,CM Synergy
Nicky Demicoli,ndemicoli8u@elegantthemes.com,4388589072,Australian National University,Xcart
Loy Everist,leverist8v@webeden.co.uk,3793229869,Institut des Sciences de l'Ingénieur de Montpellier,Globalization
Albrecht Whightman,awhightman8w@patch.com,9566137270,University of Maryland at Baltimore,Waste Management
Andrey Klaaasen,aklaaasen8x@answers.com,3947259666,University of Leicester,Board of Directors
Dennet Rolfs,drolfs8y@reference.com,8891981298,Bennett College,Smart GWT
Claiborne Balding,cbalding8z@google.com.hk,7311584844,Ecole Nationale Supérieur de Géologie de Nancy,Aftersales
Merv Petyakov,mpetyakov90@digg.com,3969988110,Ibra College of Technology,UCC filings
Merissa Godman,mgodman91@cnbc.com,6432117314,Judson College Elgin,Performance Appraisal
Marcela Sitlinton,msitlinton92@domainmarket.com,5072120966,Universidad Privada de Tacna,PVC
Jamal Josefovic,jjosefovic93@psu.edu,3106925686,Universidad Nacional de Tumbes,Claims Management
Dagny Hughf,dhughf94@vistaprint.com,4137445871,University of Nijenrode,Data Collection
Maureene Naisbet,mnaisbet95@google.nl,3384806809,Technological University of the Philippines,Unity3D
Sanson Kendall,skendall96@nbcnews.com,3164577832,"National Institute of Technology, Calicut",JDA E3
Flor Vanini,fvanini97@salon.com,2721543802,Evangelische Hochschule für Soziale Arbeit Dresden (FH),Microsoft Dynamics
Madelon Martynikhin,mmartynikhin98@bbb.org,3588005619,Universidad de Chile,RCCA
Craig Retallack,cretallack99@guardian.co.uk,1714868763,Universitas Jenderal Achmad Yani,Peer Tutoring
Christos Nockalls,cnockalls9a@oakley.com,7214716917,Universidad Olmeca,Algebra
Lisabeth Flaverty,lflaverty9b@ow.ly,4683674041,"Islamic Azad University, Falavarjan ",NCDA
Yalonda Bednell,ybednell9c@lulu.com,6617009398,University of Sudbury,Customer Engagement
Thaine Batting,tbatting9d@ihg.com,3253971918,Växjö University,RSView
Kathleen Gellately,kgellately9e@amazonaws.com,3242552976,Universidad Monteávila,Planning
Ferd Gulliver,fgulliver9f@free.fr,6093493711,Institut Commercial de Nancy,Environmental Impact Assessment
Garrott Wardhaugh,gwardhaugh9g@msu.edu,4481616501,Aichi Sangyo University,CNC Programing
Mildrid Edison,medison9h@mashable.com,1733490123,University of Aden,Anti Money Laundering
Hilton Leeming,hleeming9i@reuters.com,5861659879,Vikrama Simhapuri University,Lustre
Mattie Petruk,mpetruk9j@alibaba.com,3086533721,"Univerzitet u Mostaru ""Dzemal Bijedic""",Omron
Darcey Putley,dputley9k@mtv.com,7138681536,Pädagogische Hochschule Ludwigsburg,QI
Caitlin Degoey,cdegoey9l@issuu.com,8295324851,University of Twente,Feasibility Studies
Godfry Dauby,gdauby9m@sfgate.com,7735322577,Universidad del Valle de Guatemala,Radio
Collie Huet,chuet9n@booking.com,1877476534,Universidad Católica Nordestana,Nastran
Bondon Pilipets,bpilipets9o@dyndns.org,2023772767,University of the Sunshine Coast,FX Spot
Timofei Rosborough,trosborough9p@whitehouse.gov,2995407607,State University of New York College at Cortland,Crossbeam XOS
Tallie Brass,tbrass9q@howstuffworks.com,9474509815,Fachhochschule Lippe,Rational DOORS
Eddie Pulbrook,epulbrook9r@naver.com,9762856085,University of Hawaii - Manoa,IT Law
Clarine Reast,creast9s@qq.com,4847650492,Universidad Francisco de Paula Santander,GTK
Audra Pohling,apohling9t@bloglovin.com,3602257593,Benson Idahosa University,Airports
Lezley Raggles,lraggles9u@joomla.org,6222687794,Lebanon Valley College,Sports
Dagmar Northridge,dnorthridge9v@irs.gov,8938387077,Texas A&M University - Kingsville,Furniture
Nevile Iuorio,niuorio9w@biglobe.ne.jp,4187078258,Khazar University,Requirements Analysis
Kettie Bulstrode,kbulstrode9x@bigcartel.com,7571713906,Yerevan Haibusak University,VM
Erin Illsley,eillsley9y@creativecommons.org,2475522585,University of Bunkyo,Troubleshooting
Becka Leidecker,bleidecker9z@barnesandnoble.com,6786260857,University of Oregon,Gmail
Floris Duckerin,fduckerina0@eventbrite.com,6568817997,Pontifcia Università Gregoriana,Aerodynamics
Liesa Sigge,lsiggea1@cdc.gov,1175077403,College of Visual Arts,MSN AdCenter
Lucho Andrzejak,landrzejaka2@slashdot.org,8335245389,University of Molise,Kaizen Leadership
Jerry Molson,jmolsona3@businessweek.com,9672337069,University of Maine (System),Google Analytics
Marietta Menis,mmenisa4@pen.io,2016064421,Ahsanullah University of Science & Technology,HEC-HMS
Rina Hamsley,rhamsleya5@google.pl,9715018648,Universidade Federal Rural do Rio de Janeiro,OTM
Rahel MacCole,rmaccolea6@utexas.edu,8452321451,Academia de Studii Economice din Bucuresti,Ultrasonics
Cherice Walesby,cwalesbya7@aboutads.info,6655353515,Sumy State University,SNL
Liana Bras,lbrasa8@reuters.com,9228605666,Salahddin University (Kurdistan Region),IGRT
Diahann Woolger,dwoolgera9@utexas.edu,6045520882,Instituto Superior de Paços de Brandão,JDBC
Letitia Sefton,lseftonaa@cnet.com,1798516994,Instituto Superior de Ciênicas e Tecnologia de Moçambique,Underscore.js
Shani Firebrace,sfirebraceab@gnu.org,7735405186,Caribbean University,SQL DB2
Loralie Wapplington,lwapplingtonac@squidoo.com,7226490168,Martin Luther College,DVB-H
Branden O'Corhane,bocorhanead@lycos.com,1574814489,Augustana College,Social Media
Avram Keepe,akeepeae@ning.com,3556104594,Mesa State College,Web TV
Patsy Docksey,pdockseyaf@hostgator.com,1249624702,Ivanovo State Textile Academy,Business Ideas
Flem Phifer,fphiferag@shinystat.com,1704298246,Sichuan Agricultural University,Criminal Investigations
Janeen Tschierasche,jtschierascheah@csmonitor.com,1874557750,Bayerische Julius-Maximilians-Universität Würzburg,Video Production
Fenelia Keach,fkeachai@godaddy.com,4906296396,Baker College of Port Huron,DP
Antin Aizik,aaizikaj@cloudflare.com,3478713640,Heritage College,Football
Tiphani Blonfield,tblonfieldak@ovh.net,7758978044,Wofford College,IDS
Arthur d'Escoffier,adescoffieral@chron.com,2793528884,"Tecnologico de Baja California, Universidad",JMeter
Chico Josum,cjosumam@google.com,4023995461,Xi'an Highway University,Ion
Jana Kardos-Stowe,jkardosstowean@virginia.edu,3814800027,Metropolitan University,Blueprint Reading
Brock Methven,bmethvenao@cloudflare.com,6195394324,Universidad del Istmo,Blender
Fredra Verbruggen,fverbruggenap@mail.ru,7404302563,Northwest A&F University,Overhead Cranes
Helenka Bulmer,hbulmeraq@hp.com,3703984569,Birjand University of Medical Sciences,DV Cleared
Michel Avraham,mavrahamar@naver.com,6247637238,Universidad Autónoma Metropolitana,CGI scripts
Vite Preto,vpretoas@barnesandnoble.com,7926050519,"Katholieke Universiteit Leuven, Campus Kortrijk",Ducting
Lannie Abbots,labbotsat@ihg.com,6779842107,University of Birmingham,Segregation of Duties
Lonee Haggerston,lhaggerstonau@usatoday.com,4479153882,Cankaya University,FCRA
Melita Hambling,mhamblingav@shareasale.com,3662407640,"Institute of Teachers Education, Perlis",Dell KACE
Richy Ollet,rolletaw@abc.net.au,9717135164,Vongchavalitkul University,RMF
Wenonah Grellis,wgrellisax@springer.com,9757036364,Thomas University,Digital TV
Nestor Daltrey,ndaltreyay@usa.gov,1628461426,University of Kerala,TTCN
Phip Dmitrievski,pdmitrievskiaz@typepad.com,9669228294,Gorno-Altaisk State University,Tally ERP
Mikol Philpott,mphilpottb0@ted.com,9215908756,Universidad de la Tercera Edad,Term Life Insurance
Gerti Griswaite,ggriswaiteb1@army.mil,9667761787,Madawalabu University,Ozone
Lowe Trewhella,ltrewhellab2@liveinternet.ru,7846455808,Gujarat University Ahmedabad,Accounting
Genni Tuvey,gtuveyb3@independent.co.uk,4324043922,Universidad Autónoma de Baja California Sur,eGRC
Nappie Guinane,nguinaneb4@pen.io,6961931455,National Metallurgical Academy of Ukraine,Systems Analysis
Jenni Abadam,jabadamb5@webeden.co.uk,7122653855,Universidade Independente de Angola,MDOP
Herculie Wanell,hwanellb6@pinterest.com,5853567793,Guangxi Normal University,JDE One World
Jesse Ballaam,jballaamb7@51.la,5193137144,Randolph-Macon College,Non-Conforming
Artemas Spain-Gower,aspaingowerb8@cbslocal.com,6918411917,Minnesota School of Professional Psychology,BSI Tax Factory
Sherry Leakner,sleaknerb9@prweb.com,3407796485,Chung Shan Medical and Dental College,Gymnastics
Lonee Pain,lpainba@aol.com,7379942082,Al al-Bayt University,Erwin
Edlin Fosdyke,efosdykebb@state.tx.us,5723629823,Universidad Católica de Occidente,Piano Education
Cristin Hamprecht,champrechtbc@miitbeian.gov.cn,8445345094,Qom University of Medical Sciences,Area Rugs
Marybelle Hughson,mhughsonbd@nps.gov,8894481521,Universitas Darma Agung,AAP
Roberta Myford,rmyfordbe@sina.com.cn,3638796965,"University of Virginia, College at Wise",UMA
Arny Barthelemy,abarthelemybf@hubpages.com,4722965330,National Fisheries University,BMP design
Ric Corker,rcorkerbg@oaic.gov.au,2158918183,Michigan Technological University,Enterprise Software
Sandy Naris,snarisbh@nbcnews.com,7322563725,Wesley University of Science and Technology,Ektron
Sandy Shellsheere,sshellsheerebi@g.co,9036634989,The Achievers University,Sniffer
Lucais Corr,lcorrbj@technorati.com,4186182876,O'More College of Design,XNA
Renell Tribell,rtribellbk@blogs.com,4032599759,Faculté Polytechnique de Mons,Non-profit Leadership
Asa Knights,aknightsbl@vimeo.com,2039078089,University of Kalamoon,Security Audits
Cristy Joslow,cjoslowbm@addthis.com,4135178481,International University of Kyrgyzstan,Mysis
Joly Kew,jkewbn@hubpages.com,5668011728,Silver Lake College,Switchboard
Jessalyn Pauletti,jpaulettibo@cloudflare.com,6269336473,Business & Computer University College,GIS Modeling
Oates Doerren,odoerrenbp@jigsy.com,4131194815,Colorado State University-Pueblo,Hg
Ray Sego,rsegobq@webs.com,4673203543,Universitas Sultan Ageng Tirtayasa,MRP
Graham Gyver,ggyverbr@microsoft.com,3375590166,Wilfrid Laurier University,iBatis
Claiborn Attew,cattewbs@zdnet.com,9638731822,Kyrgyz National Agrarian University,TMN
Parnell Hirtzmann,phirtzmannbt@w3.org,4716494725,Institute of Business Administration (IBA),FHLMC
Carleen Ferreira,cferreirabu@bing.com,9312495427,Afghan University,Television
Chas Raigatt,craigattbv@amazonaws.com,1033832669,Can-Tho University,Oracle ERP
Preston Chettoe,pchettoebw@sogou.com,9092831616,University of Melbourne,MD5
Gilda Arden,gardenbx@shareasale.com,5006364178,Teikyo Heisei University,Amadeus GDS
Luci Hallt,lhalltby@canalblog.com,1092198552,Universidade Estadual da Paraíba,Tourism
Annnora Ixer,aixerbz@time.com,7044849726,Università Pontificia Salesiana,Vector Illustration
Frankie Ribbens,fribbensc0@sina.com.cn,5289056598,Ashton College,CFII
Brewster Daniellot,bdaniellotc1@un.org,9403843232,Christchurch Polytechnic Institute of Technology,Canon XL2
Eleen Kunz,ekunzc2@oakley.com,1362310323,Université Ez-Zitouna,Odeon
Charmian Ormrod,cormrodc3@prnewswire.com,9002375918,International Hotel Management Institute,SDLC
Manuel Dakhov,mdakhovc4@networkadvertising.org,6984337287,Durban Institute of Technology,OmniGraffle
Fitz Rizzillo,frizzilloc5@livejournal.com,7285858199,Technological University (West Yangon),Logistics
Ilario Portwain,iportwainc6@nature.com,9016577283,Lincoln Memorial University,NBAR
Virgina Elcocks,velcocksc7@freewebs.com,6354646911,Nebraska Wesleyan University,Rock Music
Blondy Lindley,blindleyc8@dion.ne.jp,8176328492,Asia Europe University,PDL
Natal Crookshanks,ncrookshanksc9@mail.ru,7403257688,Central University for Nationalities,Servers
Darcey Simpkin,dsimpkinca@foxnews.com,2439450093,Universidad Nacional de Tucumán,BBQ
Kirby Bleby,kblebycb@squidoo.com,5485509865,University of Kuopio,Enzyme Kinetics
Myrtie Crannage,mcrannagecc@nsw.gov.au,6283555878,Universidad Nacional Jorge Basadre Grohmann,MP3
Thaddeus Meadowcroft,tmeadowcroftcd@biglobe.ne.jp,4614767495,Fukuoka University of Education,Vendor Relations
Madlen O'Mannion,momannionce@wikipedia.org,5023182897,New England Conservatory of Music,NBFC
Giordano Geake,ggeakecf@parallels.com,6246478059,University of National and World Economy,Music Publishing
Neala Bertelsen,nbertelsencg@bravesites.com,7796650421,Universidade de São Paulo,Acting
Lorinda Bees,lbeesch@nytimes.com,5264036229,Masinde Muliro University of Science and Technology,KOL Development
Tammie Grindrod,tgrindrodci@prnewswire.com,3694803747,London College of Science & Technology,Smart Cards
Hallsy Warsop,hwarsopcj@ameblo.jp,8091314777,Ecole Nationale Supérieure des Arts et Industries Textiles,TTD
Jobyna Barstowk,jbarstowkck@mlb.com,1048596132,Al Madinah International University,Xilinx
Ernesta Arendt,earendtcl@google.com.hk,9017880249,Université de Valenciennes et du Hainaut-Cambrésis,MDI
Arv Bleier,ableiercm@yahoo.com,6335157711,Loyola Marymount University,Biostatistics
Cindelyn Allatt,callattcn@ycombinator.com,2631692621,University of Calicut,CRM
Marijo Lideard,mlideardco@nsw.gov.au,4114681398,Universidad Andina Simón Bolivar,BWA
Judas Davinet,jdavinetcp@rakuten.co.jp,5673572183,Université de la Reunion,Android SDK
Kristy Blum,kblumcq@bbb.org,7264667298,Universitas Nusa Cendana,Pallet Jack
Robinson Jones,rjonescr@live.com,2464265392,Universitas Muhammadiyah Makassar,GDAL
Farica Esslemont,fesslemontcs@weibo.com,4322137635,Yan Shan University,RCS Selector
Malia Maylour,mmaylourct@washington.edu,8615598921,Netaji Subhas Inst of Technology,XLSTAT
Hyacinthie Dosdell,hdosdellcu@utexas.edu,2754939778,Beijing University of Chemical Technology,FPGA prototyping
Patricio Stocking,pstockingcv@tiny.cc,1567136567,Universität Lüneburg,EFQM Excellence Model
Felicio Moyer,fmoyercw@engadget.com,4603348994,Jaramogi Oginga Odinga University of Science and Technology,Escrow
Delaney Pietrzyk,dpietrzykcx@youtube.com,2021595737,Slippery Rock University,FCAPS
Lin Rozenbaum,lrozenbaumcy@uiuc.edu,7303400661,University of Abuja,GPS Navigation
Anselm Earie,aeariecz@flavors.me,1153104430,Russian State Hydrometeorological University,SOA
Miner Mc Gaughey,mmcd0@chronoengine.com,6863623123,Tohoku University,NCSim
Trumaine McGougan,tmcgougand1@cornell.edu,3371616641,Voronezh State Technical University,Simulations
Horton Cuseck,hcuseckd2@amazon.com,5286410304,STMIK AMIKOM Yogyakarta,PVD
Town Chaldecott,tchaldecottd3@nytimes.com,6867505541,Ozyegin University,Company Set-up
Maddi McGing,mmcgingd4@ucoz.ru,8074984636,St. Petersburg Institute of Arts and Restoration,QPS
Lowe Knobell,lknobelld5@salon.com,1598858837,Universidad Fidélitas,Organizational Effectiveness
Florie Wheadon,fwheadond6@surveymonkey.com,6291131905,University of Wisconsin - Eau Claire,FP
Vyky Pulteneye,vpulteneyed7@123-reg.co.uk,5102943976,Thiagarajar College of Engineering,DDR3
Ivy Witherop,iwitheropd8@adobe.com,9199808240,"American University of the Caribbean, Sint Maarten",Retail
Odessa Tevlin,otevlind9@jiathis.com,7928543897,Université de Douala,EPCM
Brenda Swindle,bswindleda@goo.ne.jp,9492055893,State University of New York Institute of Technology at Utica/Rome,VRML
Randall Gwilliams,rgwilliamsdb@marriott.com,5273338211,Kardan University,PGW
Scarlet Raggett,sraggettdc@icq.com,5957636745,Bangkok University,CGI programming
Kerrie Biggs,kbiggsdd@gmpg.org,3702053136,Instituto Superior de Psicologia Aplicada,Phone Etiquette
Neils Simkovitz,nsimkovitzde@hao123.com,8197500337,"Irish University Business School, Cebu",Axles
Tina Laurentino,tlaurentinodf@webs.com,8506222510,Zhengda Software College,BFSI
Kellby Burnand,kburnanddg@berkeley.edu,2513653260,Ahwaz Jondishapour University of Medical Sciences,Childhood Obesity
Michal Laing,mlaingdh@marriott.com,2057240321,University of Catania,Healthy Eating
Alexi Closs,aclossdi@ebay.co.uk,1154290558,Ethiopian Civil Service University,Two-factor Authentication
Ailbert Brazenor,abrazenordj@theatlantic.com,7151761400,Wenzhou Medical College,Snow Leopard
Ivy Rosoman,irosomandk@un.org,3678408681,Indian Agricultural Research Institute,JDE One World
Jarad Dofty,jdoftydl@plala.or.jp,3697077305,Lithunian Institute of Physical Education,Kaspersky
Horace Morais,hmoraisdm@springer.com,4853428464,Warner Pacific College,PyMEL
Ayn Rispine,arispinedn@hp.com,3515877625,Universidad Nacional Santiago Antúnez de Mayolo,Sage ERP X3
Aylmer MacAdam,amacadamdo@linkedin.com,5926905110,Ecole Normale Supérieure de Cachan,KDB
Joya Docker,jdockerdp@tuttocitta.it,8517052071,Qom University,AHA
Tadio Haukey,thaukeydq@joomla.org,8755884114,Hariri Canadian University,OBIEE
Amitie Huxster,ahuxsterdr@imgur.com,3756340238,Papua New Guinea University of Technology,Attorneys
Rona Wenderoth,rwenderothds@theatlantic.com,1484494264,"Universidad Internacional de Andalucía, Sede La Rábida",Site Plans
Honoria Newborn,hnewborndt@mlb.com,6391876663,Veritas University,Multi-channel Retail
Fernando McMackin,fmcmackindu@theguardian.com,9136723033,Universidade Federal de Rondônia,BSI Tax Factory
Stefan Gruszczak,sgruszczakdv@ebay.co.uk,2148228481,Ecole Nationale des Ponts et Chausees,Fluid Mechanics
Gerry Penright,gpenrightdw@berkeley.edu,8957666255,Harran University,Biochemistry
Maureen Westrey,mwestreydx@hud.gov,9594081143,Presidency University,Ductwork
Hadria Sidworth,hsidworthdy@arizona.edu,7915931964,Floret Global University,Inspection
Amye Kayzer,akayzerdz@tripod.com,8988335284,Katholische Fachhochschule Nordrhein-Westfalen,Cisco UCS
Amelina Liffe,aliffee0@huffingtonpost.com,5154306942,Marij State Technical University,Bonds
Clarey Bowness,cbownesse1@google.ca,1394713120,"University of Moncton, Edmundston",Twill
Raimundo Mundy,rmundye2@cnet.com,6862362194,Abia State Polytechnic,Atmel AVR
Caldwell Jost,cjoste3@telegraph.co.uk,6069383788,"Universidad Salvadorena ""Alberto Masferrer""",Vehicle Dynamics
Jamima Stamps,jstampse4@sun.com,2614862298,Universidade de Guarulhos,Avid DS Nitris
Gaylord Hedgecock,ghedgecocke5@macromedia.com,6378158053,Sierra Nevada College,CCSP
Stillman Castana,scastanae6@google.com.hk,3311628695,University of Alaska - Anchorage,Editorial Illustrations
Darice Luparto,dlupartoe7@ihg.com,4785479389,Victoria University,RSA SecurID
Aloysia Litt,alitte8@rakuten.co.jp,3145997435,Charisma University,Zeolites
Hana Horsell,hhorselle9@ning.com,9946073530,Addis Ababa Science & Technology University,SDTM
Fonz Cullinan,fcullinanea@i2i.jp,5554412889,ifs University College,UPS Systems
Ramon Obey,robeyeb@sohu.com,3113478467,Tripura University,SMT Kingdom
Chloris Guyers,cguyersec@oaic.gov.au,9111739253,Kharkiv National University,PDM
Garvy Elan,gelaned@jiathis.com,5593036420,Himeji Institute of Technology,Social Psychology
Freeland Dewing,fdewingee@netscape.com,3896966093,Senshu University,Lithium-ion Batteries
Seana Hylden,shyldenef@e-recht24.de,9333965354,Institute of Business & Technology,Cyberlaw
Paloma Mattiussi,pmattiussieg@meetup.com,5981521409,Central Buganda University,Content Writing
Thom Krook,tkrookeh@google.fr,1143524978,Umutara Polytechnic,RDO
Boone Jeannesson,bjeannessonei@weebly.com,8211639744,University of Economics Prague,European Union Politics
Alys Gover,agoverej@shareasale.com,9933327524,Shiraz University,FX Operations
Buddie Toleman,btolemanek@soundcloud.com,6389184105,Binus University,Yeast two-hybrid
Gregg Brinson,gbrinsonel@walmart.com,7978440269,Segi University College,Financial Analysis
Steven Sandiland,ssandilandem@mayoclinic.com,7912789940,The Union Institute,OS/400
Christiana Shorthill,cshorthillen@wikipedia.org,7952149943,Delijan Payame Noor University,Financial Accounting
Petronia Petrashov,ppetrashoveo@etsy.com,3335396389,Universität Lüneburg,Hummingbird DM
Jeni Barthelmes,jbarthelmesep@nydailynews.com,7431058886,"University of Maine, Augusta",Live Events
Madison Hapgood,mhapgoodeq@ebay.co.uk,8132569953,Universidad Nacional de San Agustin,RPT
Torin Povah,tpovaher@google.com,8374993251,Université Paul Sabatier (Toulouse III),Banquets
Sarita Thyer,sthyeres@google.de,7162283589,Universidad Autónoma de Baja California Sur,Cisco VoIP
Bryana Cheverell,bcheverellet@canalblog.com,9751148977,"University of Maine, Fort Kent",Ebay Sales
Abraham Jahndel,ajahndeleu@wikipedia.org,5569278145,Ecole d'Ingénieurs en Informatique pour l'Industrie,Emergency Nursing
Bunnie McClarence,bmcclarenceev@youku.com,4207449100,Kendall College of Art and Design,NPR Report Writing
Roxi Liger,rligerew@icio.us,2345801606,Marathwada Agricultural University,Outlook
Kristoffer Scartifield,kscartifieldex@bravesites.com,4114904809,Universidade de Passo Fundo,Design for Manufacturing
Jody Yerlett,jyerlettey@economist.com,5143180235,Universidad Privada de Santa Cruz de la Sierra,Publishing
Wilt Baxstair,wbaxstairez@hostgator.com,8851508355,Adventist University of Africa,PTCRB
Minda Neising,mneisingf0@weibo.com,8896655996,Université Amar Telidji,PCR
Gerda Glasby,gglasbyf1@amazonaws.com,4245147107,Institute of Paper Science and Technology,Power Plants
Darice Vannozzii,dvannozziif2@patch.com,1954156538,Kobe Design University,BSR Advance
Lock Rouke,lroukef3@senate.gov,1873231380,Eindhoven University of Technology,RTU
Gabie Kingescot,gkingescotf4@admin.ch,4583949030,Tarbiat Modares University,GTAW
Niles Poupard,npoupardf5@google.ru,7495811046,DEI Bachelor & Master Degrees,Cloud Computing IaaS
Jacinthe Bettridge,jbettridgef6@blog.com,2291048965,Rajshahi University of Engineering and Technology,Typesetting
Aurelie Tallach,atallachf7@biglobe.ne.jp,3242731995,University Malaysia Pahang,BMC Remedy User
Robin Goodliff,rgoodlifff8@arizona.edu,7545112917,Jatiya Kabi Kazi Nazrul Islam University,Social Justice
Franciskus Ryland,frylandf9@ustream.tv,4051203080,"University of California, Hastings College of Law",Performance Appraisal
Miran Dowley,mdowleyfa@ycombinator.com,4552282947,Shahrekord University,Government Relations
Angie Whannel,awhannelfb@gnu.org,2056418079,Charles University Prague,Business Strategy
Nina Ambrosi,nambrosifc@europa.eu,7179821014,Selkirk College,NREMT
Harri Abdee,habdeefd@patch.com,6596655777,IDRAC (Institut de recherche en action commerciale),JSTL
Jordanna Stallard,jstallardfe@weebly.com,2917600717,Universidad Católica Tecnológica del Cibao,GPS Devices
Ulrich Massei,umasseiff@wikipedia.org,3584936102,Kerman Graduate University of Technology,OMNI
Eliot Bricksey,ebrickseyfg@gmpg.org,1816929349,Lincoln University Missouri,Power Utilities
Robin Carratt,rcarrattfh@msu.edu,7284495490,Sichuan International Studies University,Hyperion HFM
Trixi Huerta,thuertafi@umn.edu,3862433132,Great Zimbabwe University,Backbone.js
Nolie O'Moylane,nomoylanefj@blogger.com,4721687704,Albany Law School,DC-9
Alejandra O'Scandall,aoscandallfk@discuz.net,7269236103,Azerbaijan University ol Languages,Accounts Receivable
Bryn Bowling,bbowlingfl@amazon.com,8258978574,"Institute of Commonwealth Studies, University of London",Account Reconciliation
Sephira Childerley,schilderleyfm@dot.gov,8331524002,University of Cagliari,Vendor Relations
Kay Moreinu,kmoreinufn@usnews.com,7481281025,University of Bucharest,CBT
Alejandro Bilsford,abilsfordfo@webeden.co.uk,2726925551,DCT International Hotel & Business Management School,e-QIP
Ferrel Adamowitz,fadamowitzfp@live.com,2949128855,University College Cork,JPAS
Alphonse O'Gormley,aogormleyfq@csmonitor.com,2217405896,Bamiyan University,Algorithms
Nikkie Iacavone,niacavonefr@plala.or.jp,3991850316,Universidad Isaac Newton,AAAHC
Nicholas Causer,ncauserfs@mysql.com,3688148597,University of Medicine and Pharmacy of Cluj-Napoca,KVM Switches
Euphemia Leather,eleatherft@joomla.org,5932617600,Nazarene Bible College,OSHA Certified
Randene Earles,rearlesfu@twitpic.com,4814569098,Catholic University of Eastern Africa,Software Installation
Delcina Agglione,dagglionefv@a8.net,6441241356,Shanghai Business School,Culinary Skills
Alair Spawton,aspawtonfw@newsvine.com,1338382211,Institute of Management and Business Technology,BPA
Raddie Farncomb,rfarncombfx@timesonline.co.uk,7423835655,University of Wisconsin - Milwaukee,QMF
Ethan Gonnin,egonninfy@bloglines.com,7829874635,"Cleveland Chiropractic College, Kansas City",DTS
Katti MacGarvey,kmacgarveyfz@youtube.com,2446120004,Southern University - New Orleans,Mycology
Ella Ivantyev,eivantyevg0@bloglovin.com,7989475189,Myongji University,Mutual Funds
Niki Tatum,ntatumg1@ow.ly,7758281257,Universidad Autónoma de Querétaro,Fedora
Terrijo Moiser,tmoiserg2@ed.gov,4127570949,Malekan Payame Nour University,MD&amp;A
Zita Rawlinson,zrawlinsong3@boston.com,6872092430,Bishop's University,Embedded Linux
Martino Storah,mstorahg4@dell.com,8706186168,L'Université de l'Entreprise,TCAS
Gena Epelett,gepelettg5@slashdot.org,4455607597,Universitas Pancasila,CQ
Klaus Do Rosario,kdog6@noaa.gov,8998877580,Sunchon National University,Group Dynamics
Sarge Coppeard,scoppeardg7@altervista.org,5822098944,Trinity College Carmarthen,Estimates
Dario Forward,dforwardg8@hhs.gov,3918605743,Daystar University,Kernel
Armando O'Mailey,aomaileyg9@skyrock.com,8296115002,Saratov State Medical University,Music
Perry Obell,pobellga@wikia.com,5285771215,University of Venice,Assurance
Rowney Halliburton,rhalliburtongb@free.fr,5591493263,"Fachhochschule Kempten, Hochschule für Technik und Wirtschaft",Change Management
Isacco Messitt,imessittgc@eepurl.com,4864350831,Universidad del Valle de Toluca,System Administration
Ethelbert Beiderbecke,ebeiderbeckegd@amazonaws.com,6893371351,University of North Carolina at Charlotte,Outlook Express
Darrin Simounet,dsimounetge@4shared.com,2339287383,Kiev Slavonic University,QLab
Son Norster,snorstergf@umn.edu,8791761154,"Islamic Azad University, Sanandaj",eBay
Glenna Warrack,gwarrackgg@oakley.com,3436635483,Universidad Privada San Pedro,Scripting
Tyrus Gridley,tgridleygh@cocolog-nifty.com,9195256235,"Pedagogical State University ""Ion Creanga""",Agile Project Management
Kyle Bruni,kbrunigi@nytimes.com,7355851506,Kangwon National University,GCP
Garwood Giordano,ggiordanogj@arstechnica.com,4303087878,Universidade Eduardo Mondlane,Joint Ventures
Yoshi Meldon,ymeldongk@plala.or.jp,5798406177,"Allahabad Agricultural Institute, Deemed University",HLR
Abagail Van Dale,avangl@sphinn.com,8006941459,Sacred Heart University,RTSP
Melesa Vreede,mvreedegm@google.cn,9364673259,University of Connecticut at Avery Point,Nanomaterials
Gusta Wickstead,gwicksteadgn@google.co.jp,4494133878,University of Malakand,DTDs
Maurice Skerratt,mskerrattgo@dmoz.org,4845982992,The College of Westchester,MVC Architecture
Millard Mapplethorpe,mmapplethorpegp@washingtonpost.com,1584271064,Philadelphia University,Air Force
Hebert Titcom,htitcomgq@facebook.com,5809984937,Western New England College,CMake
Sim Billison,sbillisongr@columbia.edu,9666537344,Instituto Superior de Assistentes e Intérpretes,Syslog-ng
Kania Dakhno,kdakhnogs@independent.co.uk,2359592032,Presbyterian College,Oceanography
Nataline Thomtson,nthomtsongt@ifeng.com,4435159960,"Islamic Azad University, Tafresh",Freelance Writing
Miles Meddick,mmeddickgu@google.es,3675876688,Dr. Panjabrao Deshmukh Krishi Vidyapeeth,Biopharmaceuticals
Arch Plumbley,aplumbleygv@earthlink.net,3087307448,"Shimane University, Faculty of Medicine",DLP
Virgina Cobbing,vcobbinggw@tinypic.com,4126921662,University of Mumbai,Indoor Air Quality
Crista Starking,cstarkinggx@xinhuanet.com,7608238614,"Universidad de Puerto Rico, Carolina",Test Automation
Isacco Priter,ipritergy@parallels.com,9878960049,Bicol University,Databases
Portie Matyja,pmatyjagz@nasa.gov,3639289215,Queens University,Quality Improvement
Dom Debney,ddebneyh0@ovh.net,5674848969,Ionian University Corfu,Enterprise Risk Management
Maura Iglesiaz,miglesiazh1@msu.edu,5566685422,Vilnius Pedagogical University,X-ray
Lisha Rosenstiel,lrosenstielh2@unc.edu,9038341150,"Heythrop College, University of London",Oxygen Therapy
Cos Durak,cdurakh3@bigcartel.com,1441393824,University of New Brunswick,ICD-9
Sawyere Casotti,scasottih4@purevolume.com,4598208705,Universidad del Pacifico,IR
Marlo Bladder,mbladderh5@weebly.com,7322889787,Dhurakijpundit University,Computer System Validation
Zacharias Voysey,zvoyseyh6@nih.gov,1377696469,College in Sládkovičovo,Gmail
Arleen Leport,aleporth7@about.me,9395067061,Luther College,VMD
Joannes Barnaby,jbarnabyh8@free.fr,6378284646,Yamanashi Medical University,OKI
Felice MacAindreis,fmacaindreish9@ocn.ne.jp,9899907742,Technical University of Kielce,HDI
Yankee Obin,yobinha@github.com,5879402262,Nakhchivan State University,IQMS
Iolande Eynon,ieynonhb@mapquest.com,9997259106,Karnatak University,Social Media
Mannie McCall,mmccallhc@uiuc.edu,1377212801,Georgetown College,Xserve
Henrieta Erickson,hericksonhd@geocities.jp,9284982883,Université des Antilles et de la Guyane,Kettlebells
Lanae McFfaden,lmcffadenhe@sitemeter.com,6825645908,Laikipia University,Corporate Identity
Debera Crix,dcrixhf@mozilla.org,5241700714,Fuzhou University,KBOX
Troy MacAdie,tmacadiehg@vk.com,1812879767,University of Milan - Bicocca,Visual SVN
Orazio Perrelli,operrellihh@foxnews.com,8705692154,American University of Armenia,HSPD-12
Kellia Vanyakin,kvanyakinhi@homestead.com,1167069777,Southwestern Christian University,MSN AdCenter
Lana Twaite,ltwaitehj@twitpic.com,7954663378,Colegio de San Juan de Letran,Rational DOORS
Shela Stable,sstablehk@businessweek.com,5525847838,Universidad del Noreste,SWIFT Messaging
Filip Burlingham,fburlinghamhl@cdc.gov,5412235800,Hope College,Foreclosures
Orland Siaspinski,osiaspinskihm@rakuten.co.jp,4295909278,University of Otago,Air Quality
Deirdre O'Henehan,dohenehanhn@shutterfly.com,5779257924,Indiana State University,Shipbuilding
Elwira Welling,ewellingho@nymag.com,9293196576,"University of the Punjab, Gujranwala Campus",DDNS
Kerianne Petett,kpetetthp@fotki.com,4223637167,Centro Universitário Senac,Electronic Warfare
Antony Stilly,astillyhq@aol.com,4377807572,University of California System,PE
Lucius Seton,lsetonhr@biblegateway.com,8323713795,Kamchatka State University Vitus Bering,MTOs
Lynett Alliot,lallioths@github.io,2438947384,Université Paul Sabatier (Toulouse III),xCAT
Marlow Pearman,mpearmanht@cnet.com,9328331459,University of Mississippi,MC2
Kalil Hamner,khamnerhu@goodreads.com,1039278244,Novosibirsk State Medical Academy,Business Valuation
Patsy Doige,pdoigehv@nhs.uk,6249685859,"Davenport College of Business, Lansing",Lyra
Carlita Haskell,chaskellhw@businessweek.com,4588985532,Dagestan State University,Youth Empowerment
Yolane Ortet,yortethx@sohu.com,5119715756,Fatih University,BCM
Clemmie Maslen,cmaslenhy@tinypic.com,4121579786,Military University Shoumen,NLog
Lethia Bolesma,lbolesmahz@wordpress.org,1416531025,Kyoritsu Woman's University,GSA Schedules
Lynda Wallen,lwalleni0@jiathis.com,5298054887,Université d'Antsiranana,Screening
Arman Di Claudio,adii1@prweb.com,9754545280,Ecole Nationale Supérieure d'Ingénieurs en Mécanique et Energétique de Valenciennes,HLA
Sawyere Collough,scolloughi2@over-blog.com,3254720628,Cankaya University,GSP
Raychel Sterling,rsterlingi3@delicious.com,4129176179,Donetsk National University,AAC
Leigh Stoaks,lstoaksi4@ustream.tv,7508371104,Atish Dipankar University,Nuclear Engineering
Merrily Chalcot,mchalcoti5@mayoclinic.com,2451210441,Universidad Simón Bolivar,OEM Management
Waverley Bunford,wbunfordi6@e-recht24.de,1807232516,Instituto Politécnico de Coimbra,Cuisine
Jordana Bett,jbetti7@house.gov,8839612302,"Institute of Architecture ""Ion Mincu"" Bucharest",Food Safety
Jeannette Ahrend,jahrendi8@cbc.ca,4664511665,University of Bergen,Geology
Lawrence Garza,lgarzai9@constantcontact.com,1754454962,Leeds Metropolitan University,Occupational Therapists
Kial Danit,kdanitia@guardian.co.uk,7315909621,University of Fort Hare,Overseas Production
Holly Ellett,hellettib@gnu.org,8628482888,Burapha University,Black Box Testing
Mayne Spaven,mspavenic@craigslist.org,6256842308,Holy Cross College,WLST
Bernadina Astin,bastinid@about.com,5016347472,Ecole Nationale d'Ingénieurs de Tarbes,Oil on Canvas
Missy Shovel,mshovelie@wunderground.com,4212287987,Indiana University-Purdue University at Indianapolis,Jewelry
Aland Cops,acopsif@bizjournals.com,7803514561,Universidad de La Salle,Myofascial
Karly Norcock,knorcockig@canalblog.com,2566724416,Ecole Nationale des Ponts et Chausees,SDA
Clarke Housden,chousdenih@arstechnica.com,3327040140,Universidad Arcis,LPT
Nealy Onn,nonnii@paypal.com,6668034410,Northeast University at Qinhuangdao Campus,HTC
Lian Kubanek,lkubanekij@hexun.com,5029048658,Lausanne Hotel School (EHL),FSP
Natividad Crocken,ncrockenik@foxnews.com,7335648605,Universidade do Estado do Rio de Janeiro,Aqualogic
Waldemar Aizikov,waizikovil@huffingtonpost.com,8553885005,Instituto Tecnológico Autonómo de México,TPC
Georgine McGooch,gmcgoochim@mac.com,7358696068,Örebro University,JSTL
Otha Bichard,obichardin@themeforest.net,2448485921,Guilan University,MLA Style
Harald Dooly,hdoolyio@google.ru,9243928205,Riara University School of Business and Law,Highways
Ilene Pee,ipeeip@deliciousdays.com,2261432859,Universidad Privada Sergio Bernales,Visio
Cart Cready,ccreadyiq@sitemeter.com,9504105892,Bryant University,Program Management
Barris Kondratovich,bkondratovichir@nyu.edu,3915558458,Universitas Negeri Malang,Operating Systems
Sophi Yurukhin,syurukhinis@goo.gl,9269653613,Hatyai University,Food Industry
Krista Byne,kbyneit@oracle.com,5859431947,Armenian State Agrarian University,XaaS
Vivyan Garred,vgarrediu@friendfeed.com,9953850467,Academy of Management and Entrepreneurship,MLP
Nettle Schlagman,nschlagmaniv@furl.net,4614228530,"Universidad ""Arturo Prat""",BMC Remedy AR System
Kary Lapley,klapleyiw@mozilla.com,7787724302,United States Coast Guard Academy,Internet Banking
Leia Bavidge,lbavidgeix@merriam-webster.com,1061256647,Universidad Católica Tecnológica del Cibao,LME
Carmelle Tetla,ctetlaiy@clickbank.net,5517213256,Jiaying University,Ableton Live
Bonnibelle Everil,beveriliz@stumbleupon.com,4201013206,Fukuoka Institute of Technology,IxLoad
Tasia Addicote,taddicotej0@npr.org,9604198035,Tokyo University of Agriculture and Technology,Cycle Counting
Sue Napier,snapierj1@ovh.net,2862148061,La Trobe University,UAT Coordination
Lazarus Speakman,lspeakmanj2@slate.com,8634494629,Huaihua Radio and Television University,Multi-Unit
Jecho Taynton,jtayntonj3@rediff.com,4932561553,Ecole Nationale Supérieure d'Agronomie de Rennes,DH+
Lulu Maltby,lmaltbyj4@people.com.cn,4487809199,Eastern New Mexico University,RS422
Drona Macourek,dmacourekj5@arizona.edu,5706177571,Clarke College,NCSim
Olav Le Page,olej6@nature.com,2087210731,College of St. Rose,Pneumatics
Herculie Comberbeach,hcomberbeachj7@ibm.com,7613138238,Universitas Jambi,Algorithms
Irvin Garnson,igarnsonj8@mysql.com,7847505504,Universidad Valle del Momboy,Data Collection
Fernanda Siddaley,fsiddaleyj9@gnu.org,8392400447,Université Alioune Diop de Bambey,Aesthetics
Mab Jeffcoat,mjeffcoatja@jimdo.com,6412004286,Ohtani Women's University,XSI
Camella Officer,cofficerjb@army.mil,9845786053,Universitas Khairun,IQMS
Chevy Perche,cperchejc@sitemeter.com,3028195132,Universidad Rafael Urdaneta,LPI
Jarred L' Estrange,jljd@imageshack.us,3751074672,Taoist College Singapore,Radio Production
Rheba Tighe,rtigheje@webnode.com,1407411075,University Institute of Modern Languages,TD-SCDMA
Giselbert Rollett,grollettjf@usgs.gov,4773122374,International University of Business Agriculture and Technology,Corporate Events
Klarika Cadell,kcadelljg@ezinearticles.com,8438261883,Universidad Empresarial,GBA
Dale Clamo,dclamojh@oracle.com,3996033074,Canakkale (18th March) University,Commercial Piloting
Marius Ebbett,mebbettji@plala.or.jp,1547429385,Inönü University,Switchboard Operator
Lula Pape,lpapejj@utexas.edu,4751448095,The Boston Conservatory,Egyptian Arabic
Fabe Fulham,ffulhamjk@theglobeandmail.com,2715153778,Pacific Northwest College of Art,Microsoft Publisher
Modesty Doick,mdoickjl@gnu.org,8613753199,University of Technology - Iraq,Microcontrollers
Sonnie Wincer,swincerjm@wikispaces.com,5422531015,Gediz University,PMR
Vicky Stronack,vstronackjn@netlog.com,8915388951,Hogeschool voor de Kunsten Utrecht (HKU),iGrafx
Rafaelita Pearce,rpearcejo@howstuffworks.com,4615072105,Sikha 'O' Anushandhan University,Tds
Marylee Kinnane,mkinnanejp@icio.us,5575348020,Katholische Fachhochschule Berlin (KFB),FWSM
Nelie Hugueville,nhuguevillejq@mashable.com,9807616057,Sardar Patel University,Kaizen
Fredia Hallagan,fhallaganjr@sciencedaily.com,4415881028,Chongqing Three Gorges University,WYSIWYG Layout Tools
Odette Bowick,obowickjs@shop-pro.jp,2875569766,University of Plovdiv,BOSIET
Marice Somerfield,msomerfieldjt@walmart.com,2023183686,Yangtze University,Klocwork
Kit Cocklie,kcocklieju@upenn.edu,1111644142,University of Kufa,Ductwork
Cristin Le Sieur,clejv@admin.ch,4279581731,Ohio University - Lancaster,ASP.NET AJAX
Jorge Battram,jbattramjw@admin.ch,5105610712,Shendi University,CISA
Mirna Handford,mhandfordjx@amazon.com,1449236637,Esztergom Theological College,Guitar
Sigfrid Neath,sneathjy@a8.net,6931861279,New Jersey Institute of Technology,Electrical Design
Kayla Greves,kgrevesjz@yelp.com,6268865924,Pontificia Universidad Catolica de Chile,AHA
Benedetta Manterfield,bmanterfieldk0@archive.org,2067986939,"University of Dublin, Trinity College",AXE
Kessia MacShirie,kmacshiriek1@wufoo.com,7095305961,"Islamic Azad University, Roodehen",IBM Websphere Commerce
Field MacCumiskey,fmaccumiskeyk2@vkontakte.ru,2117292849,Yarmouk Private University ,Corona SDK
Matteo Struthers,mstruthersk3@virginia.edu,4547826333,Great Lakes Christian College,HST
Aviva Roullier,aroullierk4@salon.com,4088516044,University of Catania,ebXML
Arty Dufaur,adufaurk5@apple.com,7046574860,McKendree College,Fashion Illustration
Mendy Orford,morfordk6@linkedin.com,5522131213,Pennsylvania State University Great Valley,WFL
Kettie Paling,kpalingk7@deviantart.com,4654429928,Ho Chi Minh City University of Technology,Experion PKS
Elianore Vern,evernk8@jalbum.net,2752044229,Moscow State University of Civil Engineering,Document Review
Cybil Severn,csevernk9@ebay.co.uk,7323759307,Kathmandu University,HSI
Kip Caldecutt,kcaldecuttka@prlog.org,7061975817,Conestoga College,Social Skills
Julissa Runcie,jrunciekb@seattletimes.com,9308719291,Colegio de Estudios Superiores de Administración (CESA),Mentoring
Sansone Rivitt,srivittkc@engadget.com,6303108607,Nanjing University of Posts and Telecommunications,MVS
Doti Yeatman,dyeatmankd@oakley.com,7757178888,Sunway University College,NTP
Gaston Bear,gbearke@shutterfly.com,2606892568,Medical Academy in Gdansk,MCDBA
Hartwell Morefield,hmorefieldkf@cmu.edu,2673214842,Asahikawa University,Xetra
Arin Cull,acullkg@networkadvertising.org,9664385995,Near East School of Theology,Internet Yellow Pages
Brina Cashley,bcashleykh@chron.com,2591485740,"Arab Open University, Kuwait Branch",Nintex
Monique Kelsell,mkelsellki@oaic.gov.au,2429978595,Helwan University,Uranium
Broderick Monckton,bmoncktonkj@hud.gov,6215706555,Volgograd State University,Kenan FX
Connie Phuprate,cphupratekk@ted.com,2605656364,University of Pitesti,Corporate Real Estate
June Shales,jshaleskl@ibm.com,9199011021,"Islamic Azad University, Shiraz",FPS
Wallie Brookson,wbrooksonkm@intel.com,3518073686,Indiana University - Northwest,TPF
Hartwell Brabin,hbrabinkn@blogs.com,6101321983,Letourneau University,Ukulele
Drucy Moreby,dmorebyko@ning.com,4876233675,Universitas Islam Syekh-Yusuf ,Tires
Didi Challace,dchallacekp@printfriendly.com,4287321169,Universität der Bundeswehr München,EBP
Berkley Marciskewski,bmarciskewskikq@foxnews.com,4476251241,Universitas Nasional Pasim,Road Safety
Charmine McGilvary,cmcgilvarykr@de.vu,1535112384,West Texas A&M University,OAT
Inigo Canedo,icanedoks@hostgator.com,6249867564,Technological University (Hmawbi),Key Account Management
Toma Gillogley,tgillogleykt@tripadvisor.com,3448081893,Universidad de Medellín,Emergency Room
Enriqueta Orcott,eorcottku@mapquest.com,1591875661,Technological Education Institute of Larissa,Equity Derivatives
Starla Casarino,scasarinokv@stanford.edu,4762374568,Inönü University,Zynx
Noelyn Priestland,npriestlandkw@nhs.uk,8314436225,Rusangu University,CQ5
Bartram Ormes,bormeskx@weather.com,7749713890,University of Information Technology and Management in Rzeszow,HPHT
Lukas Scrowston,lscrowstonky@intel.com,9613953894,Universidade Aberta Lisboa,Tally ERP
Angela Tolussi,atolussikz@nhs.uk,6362514181,Universitat Rámon Llull,PeopleSoft
Gib O'Quin,goquinl0@google.com,8024660947,"School of Slavonic and East European Studies, University of London",RNA Isolation
Read MacCleod,rmaccleodl1@oakley.com,6959230056,Eastern College,NCMR
Bree Walsham,bwalshaml2@newsvine.com,2269781063,University of Alaska - Anchorage,Office Management
Carleen Lindeman,clindemanl3@oakley.com,6484489943,Columbia Union College,QFD
Denise Stripling,dstriplingl4@webeden.co.uk,1674988122,Hanover College,PyUnit
Valentin Drysdall,vdrysdalll5@squarespace.com,2887826411,Vancouver Community College,FX Derivatives
Michelle Twatt,mtwattl6@imdb.com,7332759755,Vitebsk State Academy of Veterinary Medicine,Educational Outreach
Gusti Sillars,gsillarsl7@ibm.com,2269276754,Institut Supérieur de Gestion de Tunis,CNN Pathfire
Hercules Bradshaw,hbradshawl8@berkeley.edu,3186273871,Technical University of Budapest,TNS Media Intelligence
Gretta Cannan,gcannanl9@alexa.com,1546476652,Universidad Fundepos Alma Mater,SAP PP
Zebedee Antonov,zantonovla@nyu.edu,1178848366,St. Clair College,MPLS VPN
Vassily Ettles,vettleslb@sohu.com,7966138735,Isabela State University,Jet Ski
Holmes Lemme,hlemmelc@japanpost.jp,7462534150,University of Holy Quran and Islamic Siences,Control Systems Design
Parke Cota,pcotald@jigsy.com,2963713344,"Rasmussen College, Illinois Campuses",HIPAA
Grace Wixey,gwixeyle@dell.com,5134807846,University of Wisconsin - Whitewater,WUFI
Anallise Board,aboardlf@tinyurl.com,5397862293,Trinity College of Music,Financial Planning
Hagen Kinneally,hkinneallylg@seesaa.net,7958720213,Moscow P. I. Tchaikovsky Conservatory,RHEV
Catherine Crennan,ccrennanlh@istockphoto.com,9286175245,China Agriculture University East,Obstructive Sleep Apnea
Vanda Flewin,vflewinli@sohu.com,8988909574,Bowen University,PBASIC
Kin Noto,knotolj@dedecms.com,5352133350,Columbia College,ICD-10
Cherilyn Sains,csainslk@bloglines.com,6917466038,Texas Southern University,UV-Vis-NIR
Mallissa Sexton,msextonll@ezinearticles.com,1937021250,Islamic University of Rotterdam,eCTD
Francine O'Shee,fosheelm@lulu.com,7102179855,Tokiwa University,Ember.js
Gabriello Murrison,gmurrisonln@pbs.org,4776796986,Universidad Nacional de San Martín,MQL4
Stanfield Gifford,sgiffordlo@trellian.com,4402438039,Shaikh Zayed University,TTCN
Garland Powton,gpowtonlp@mysql.com,2152948634,Universidad Pontificia Comillas,Secretarial Skills
Georgie Allworthy,gallworthylq@omniture.com,5787763061,Tamil Nadu Veterinary and Animal Sciences University,KDB
Fax Hunstone,fhunstonelr@craigslist.org,8359169335,Universität Liechtenstein,Management
Oliy Szubert,oszubertls@cyberchimps.com,6337476676,University of Information Technology and Management in Rzeszow,HMS
Izzy Shevill,ishevilllt@nature.com,8897752920,Universidad Nacional de Guinea Ecuatorial,MS VC++
Ginger McCreery,gmccreerylu@wordpress.com,7373732634,Royal Holloway and Bedford New College,Press Releases
Boote Anelay,banelaylv@issuu.com,1106483175,Universitas Islam Nusantara,Report Writing
Hadria Board,hboardlw@accuweather.com,6569283936,Instituto Tecnológico de Santo Domingo,Forklift Operation
Felipa Curdell,fcurdelllx@mysql.com,2971717564,Aga Khan University,Automation
Cthrine Kelf,ckelfly@buzzfeed.com,5399961478,IE University,MDI
Merci O Mullen,molz@ebay.com,9725144131,Université Hassan Ier - Settat,IP Cameras
Blakelee McComiskey,bmccomiskeym0@godaddy.com,2125817365,Nippon Veterinary and Animalscience University,MLRO
Lezlie Minnette,lminnettem1@chicagotribune.com,5057327024,Rowan University,IAR Embedded Workbench
Kenneth Crimin,kcriminm2@nasa.gov,6694636931,Universitas Jenderal Soedirman,Operations Management
Kirbie Putley,kputleym3@dion.ne.jp,7354072726,Sultan Ahmad Shah Islamic College,PDO
Cinnamon Wearden,cweardenm4@scientificamerican.com,9646962533,Universitas HKBP Nommensen,NPIV
Annabal Verbrugghen,averbrugghenm5@hatena.ne.jp,3385523582,Kameshwar Singh Darbhanga Sanskrit University,UV disinfection
Salvidor Agar,sagarm6@youtu.be,6994279423,Mejiro University,Non-profit Administration
Homere Brian,hbrianm7@feedburner.com,4993389700,University of Health Sciences Andhra Pradesh,Efficent
Camella McCandie,cmccandiem8@163.com,7414529221,Zonguldak Karaelmas University,Wyse
Mirilla Eve,mevem9@vk.com,3927819887,Nanjing Agricultural University,FQHC
Janina Roumier,jroumierma@cnn.com,1168650410,Bulacan State University,eGaming
Roddie Colkett,rcolkettmb@house.gov,1381045835,Arthur D. Little Management Education Institute,GDI
Asa Cossar,acossarmc@imageshack.us,9426006421,Yarmouk University,Wireframes
Sully Hacon,shaconmd@dyndns.org,9372449343,Delaware Valley College,Coastal Zone Management
Martino Adelman,madelmanme@abc.net.au,8138917622,Centre Universitaire de Tebessa,Gyrotonic
Elliot Whall,ewhallmf@wiley.com,2286620425,"University of Wales Institute, Cardiff",ODD
Gerome Sergean,gsergeanmg@aboutads.info,7891984267,Alain University of Science and Technology,Special Events Coordination
Yoko Stanlack,ystanlackmh@nydailynews.com,2354514084,Universidade de Alfenas,Cycling
Olimpia Dicks,odicksmi@bloglovin.com,7845056808,University of Chittagong,VMware
Reece Hessenthaler,rhessenthalermj@surveymonkey.com,4414727133,Tikrit University,HP QTP
Teodoor Saggers,tsaggersmk@nps.gov,5874376732,Denison University,Variance Analysis
Pearl Monday,pmondayml@g.co,3191419613,Purdue University Calumet,Windows XP
Waverley Kagan,wkaganmm@livejournal.com,4679831661,Medical University Pleven,NIST
Jerrilyn Ellsworthe,jellsworthemn@blogs.com,9004871098,Chicago State University,Cinema 4D
Ashley Tallis,atallismo@arizona.edu,5435717226,Jatiya Kabi Kazi Nazrul Islam University,Illustration
Karilynn Paolinelli,kpaolinellimp@biglobe.ne.jp,9937248292,Business & Computer University College,Non-profit Board Development
Gothart McReynold,gmcreynoldmq@addtoany.com,9126305861,Foundation University,Kaledo
Friedrich Rimington,frimingtonmr@godaddy.com,9969855742,Université Paris-Sorbonne (Paris IV),BSSAP
Gasper Howsden,ghowsdenms@slashdot.org,8606640314,Tamil Nadu Agricultural University,Lyrics
Dexter Trewman,dtrewmanmt@webmd.com,3031805777,Samuel Merritt College,PCI DSS
Mead Cromack,mcromackmu@npr.org,2667856666,Webb Institute,Non-profit Leadership
Crista Ubach,cubachmv@aboutads.info,8311765100,Universidade Federal de Rondônia,eBusiness Suite
Brady Jacquest,bjacquestmw@prweb.com,2478499994,Minneapolis College of Art and Design,WMOS
Parker Sculley,psculleymx@bandcamp.com,9082772373,University of Rijeka,Variable Frequency Drives
Germain MacRitchie,gmacritchiemy@pinterest.com,6691314608,University of King's College,On-Set VFX Supervision
Callie Hussell,chussellmz@geocities.com,3208402608,Samchok National University,GLP
Mattias Cayle,mcaylen0@360.cn,8997394849,Middlebury College,UB92
Caroline Killby,ckillbyn1@cnn.com,7784570790,Lindsey Wilson College,Sustainability
Welby Klesel,wkleseln2@jimdo.com,6937425675,Delijan Payame Noor University,VCL
Frazer Prime,fprimen3@nature.com,3651635934,University of Colorado at Denver,DNA
Danya Magee,dmageen4@engadget.com,6476819539,Universidad Católica Nuestra Senora de la Asunción,Client Relations
Arlyn Le Fevre,alen5@nsw.gov.au,2428750945,Ecole Supérieure de Commerce de Grenoble,Nuclear Engineering
Amelita Simunek,asimunekn6@usnews.com,7898246300,Bowling Green State University,Creative Direction
Lazaro Twinn,ltwinnn7@tumblr.com,3353656675,Cabrini College,XP Professional
Bella Joerning,bjoerningn8@ebay.co.uk,6534064630,Busitema University,SharePoint
Jillana Bragg,jbraggn9@irs.gov,1712811436,Universidade do Sagrado Coração,Validation
Domenic Zettoi,dzettoina@washingtonpost.com,8857982284,Southeastern Baptist College,FCoE
Farrah Gallacher,fgallachernb@de.vu,1087292616,Ecole de l'Air,MTBF
Aldous Pollendine,apollendinenc@technorati.com,6909851959,Drexel University,Design of Experiments
Jim Gaddesby,jgaddesbynd@zdnet.com,3991140704,Ho Chi Minh City Open University,Eye Tracking
Pren Matyashev,pmatyashevne@wp.com,1377032415,Jumeira University,DNSSEC
Liv Deane,ldeanenf@google.nl,4655614233,Liaocheng Teachers University,Beauty Industry
Basile Faulder,bfaulderng@sitemeter.com,4996254843,Kirksville College of Osteopathic Medicine,Tds
Sandor Escoffrey,sescoffreynh@si.edu,1123134117,Fukui University of Technology,Ajax4JSF
Henriette Attwooll,hattwoollni@amazon.com,3152834820,West Minster International College,DSE Assessments
Reeba Kliner,rklinernj@mail.ru,8087906373,Universidade Federal de Viçosa,SDI
Dora Wrightem,dwrightemnk@craigslist.org,4713169022,Hamamatsu University,WSRR
Rafaello Adolfsen,radolfsennl@alibaba.com,7602859392,Universidad de Ciencias Aplicadas y Ambientales (UDCA),Marketing Strategy
Jerrilee McGaugan,jmcgaugannm@behance.net,2669535780,Universidad Nacional Autónoma de Honduras,Mobile Communications
Giordano Purvey,gpurveynn@prweb.com,3449236416,Louisiana State University in Shreveport,ERISA
Beitris Barta,bbartano@samsung.com,5161777504,Universidad Nacional Federico Villarreal,JConsole
Margareta Lepere,mleperenp@php.net,8574036440,Design Institute of San Diego,Special Events Coordination
Madeline Flageul,mflageulnq@sciencedirect.com,3568014073,Barry University,PPE
Lydon Besset,lbessetnr@oaic.gov.au,6005942054,Islamic University of Rotterdam,Zoom
Rosetta Battey,rbatteyns@npr.org,9417371699,Kursk State Medical University,iBatis
Rudolf Pruce,rprucent@sohu.com,6865299487,Loma Linda University,Sustainable Agriculture
Cordey Samson,csamsonnu@chron.com,8794669854,Hebei University of Science and Technology,Shipping
Reine Dawbury,rdawburynv@barnesandnoble.com,6876622332,Fine Arts Academy Wladyslaw Strzeminski in Lodz,IVIVC
Erhard Lindenblatt,elindenblattnw@bandcamp.com,1897202605,Université Française d'Égypte,RCDD
Maxie Andreaccio,mandreaccionx@baidu.com,8647233956,Miyazaki University,Custom CMS Development
Celia Accum,caccumny@pbs.org,6262397742,University of Wollongong,Clinical Psychology
Junette Lambert-Ciorwyn,jlambertciorwynnz@slashdot.org,7053144879,Moore College of Art and Design,Xcalibur
Lorene Widmore,lwidmoreo0@moonfruit.com,3945628474,"Islamic Azad University, Janah",SLC500
Dusty Water,dwatero1@squarespace.com,7626035089,Fachhochschule Lippe,HNW
Lanita Bramford,lbramfordo2@webeden.co.uk,1235296091,Yazd University,Pumps
Bibi Grote,bgroteo3@cbc.ca,3254381942,University of San Francisco,NS2
Fielding Hadenton,fhadentono4@paypal.com,7171940136,Universidade Federal do Piauí,Drip Irrigation
Alfonse Grose,agroseo5@newsvine.com,6813376453,New England Conservatory of Music,CDPE Designation
Marla Glazzard,mglazzardo6@reference.com,7363069827,Ecole Nationale Supérieure des Mines de Paris,Lyric Soprano
Major Yannoni,myannonio7@youtube.com,6613318299,University of Maine (System),Legal Advice
Cazzie Derx,cderxo8@paypal.com,8121514976,Southern University - Baton Rouge,DNA electrophoresis
Whittaker Paxman,wpaxmano9@unc.edu,6265686746,Shiga University of Medical Science,FMCG
Rafa Llewellin,rllewellinoa@ehow.com,4981848016,Instituto Superior de Transportes e Comunicações,Nortel DMS
Valentin Bravey,vbraveyob@sciencedaily.com,9964562134,Imperial College School of Medicine,Civil Litigation
Dolly Wigfall,dwigfalloc@sbwire.com,6601618094,Universidade Federal do Piauí,Hazard Identification
Dulcie Bleythin,dbleythinod@seattletimes.com,4271032444,Fachhochschule Eberswalde,Egyptian Arabic
Skylar Bracci,sbraccioe@nature.com,1449655826,King Faisal University,PTO
Kathye Paunton,kpauntonof@spiegel.de,9959867798,University Canada West,Book Design
Randi Balden,rbaldenog@theatlantic.com,2687543769,Kawamura Gakuen Woman's University,ETABS
Jeth Millis,jmillisoh@dedecms.com,6101002605,Fielding Institute,IPO
Dirk Lowman,dlowmanoi@abc.net.au,5003061268,University of Belgrade,CDL Class B
Aurelie Gillino,agillinooj@cbsnews.com,8992763608,King Khaled University,Style Guides
Mavra Shildrick,mshildrickok@ebay.co.uk,7063697153,"Islamic Azad University, Kazeron",Underground Mining
Del Dulieu,ddulieuol@netscape.com,3571678805,Royal Military Academy,Temporary Placement
Betti Bagg,bbaggom@is.gd,4892801413,University of Otago,Switches
Janeen Filgate,jfilgateon@mysql.com,9474115749,Williams Baptist College,BMR
Rafaelia Simonian,rsimonianoo@nba.com,3289950634,Universidade Federal de Pelotas,MSC Adams
Pauly Eccleshare,peccleshareop@networksolutions.com,3518793851,Instituto Tecnológico de Aguascalientes,OEM negotiations
Willem Lucken,wluckenoq@chronoengine.com,5529423652,American College of Greece,Engineering Management
Arlinda Dummett,adummettor@hostgator.com,4202593877,Kostroma State Technological University,IBM Tivoli
Marian Saylor,msayloros@mapy.cz,7864155660,Canakkale (18th March) University,Social Media Marketing
Sheeree Gouldthorpe,sgouldthorpeot@icio.us,5683908487,Ecole Supérieure d'Ingénieurs en Electronique et Electrotechnique,Natural Resource Management
Aundrea Dwane,adwaneou@china.com.cn,6745525815,Universidad Nacional del Littoral,Ion Chromatography
Bradly Walewicz,bwalewiczov@histats.com,4991105781,Universitas Kristen Indonesia,BTEQ
Raquel Razzell,rrazzellow@engadget.com,7402848983,Soutsaka Institute of management and Technology,NCAA Compliance
Chrystal Branch,cbranchox@ustream.tv,2512296750,Taipei Municipal Teachers College,RLM
Gaspard Beamond,gbeamondoy@spotify.com,5075772608,Godfrey Okoye University,HD Camera Operation
Rabi Haylock,rhaylockoz@amazon.de,1838468137,Varna Free University,Rock Mechanics
Jody Suston,jsustonp0@alexa.com,8996095887,Universidad Nueva Esparta,Carriage of Goods by Sea
Belle Blencoe,bblencoep1@delicious.com,1612572628,Universidad de Piura,EBA
Blakelee Prosser,bprosserp2@fema.gov,3071308034,Arkansas Tech University,MXP
Daphna Carmo,dcarmop3@networkadvertising.org,9774760774,Hong Kong Academy for Performing Arts ,Claims Management
Adolpho Brinkworth,abrinkworthp4@macromedia.com,3447359004,Khurasan University,Lynx
Milissent Hoppner,mhoppnerp5@wsj.com,5563325702,Eureka College,MSI
Inga Ghiriardelli,ighiriardellip6@a8.net,2239651868,St. Mary's University,Mortgage Lending
Beniamino Caulfield,bcaulfieldp7@github.io,1136011149,Staffordshire University,Driving Results
Jorge Sambals,jsambalsp8@indiegogo.com,6171344539,Université Gaston Berger Saint-Louis,OSHA 30-Hour
Anica Noell,anoellp9@biglobe.ne.jp,2653976029,Dominican College,NLTK
Jannel Beavis,jbeavispa@godaddy.com,8336247351,Hijiyama University,Solution Selling
Carly Frichley,cfrichleypb@indiegogo.com,2133853161,Lumbini Buddhist University,Estimates
Erena Beri,eberipc@homestead.com,8778496864,Standford University,IT Solutions
Tally Shakesby,tshakesbypd@ox.ac.uk,3329253521,Binary University College of Managemant & Entrepreneurship,EBSD
Waldo Harvard,wharvardpe@storify.com,7682605095,Southwest State University,HRO
Geoffry Cosstick,gcosstickpf@goodreads.com,8602620282,Facultés Universitaires Notre-Dame de la Paix,Komodo
Auroora Kapelhoff,akapelhoffpg@w3.org,1786542018,Universidad Latinoamericana de Ciencia y Tecnología,ILT
Ted Clemits,tclemitsph@jiathis.com,5423089526,Tokyo Medical and Dental University,Supplier Evaluation
Leandra McCreery,lmccreerypi@ted.com,9858033737,Josai International University,JBL
Jaquenetta Mattea,jmatteapj@last.fm,1723977378,Baylor University,Database Marketing
Atalanta Sammonds,asammondspk@gnu.org,5518883253,"Federal Polytechnic Bauchi, Nigeria",Marketing Strategy
Janith Byles,jbylespl@discuz.net,1363355766,University of Kabianga,IGBT
Costanza Gillbee,cgillbeepm@cnet.com,5379050832,Universität Augsburg,Waste Management
Torie Bastide,tbastidepn@taobao.com,2983488643,Philippine Military Academy,Supply Management
Gilli Byram,gbyrampo@dedecms.com,6414503903,Universidade Autónoma de Lisboa Luís de Camoes,Marketing Communications
Durand Hunn,dhunnpp@ox.ac.uk,4589414670,Université de Montréal,OASIS
Violet Moughtin,vmoughtinpq@dailymotion.com,1959500003,"Schiller International University, Madrid",Fleet Management
Clare Toulson,ctoulsonpr@ucoz.com,2057674227,FAAP - Fundação Armando Alvares Penteado,FDTD
Nikola Bollom,nbollomps@xing.com,5923993759,"Ecole Européenne de Chimie, Polymères et Matériaux de Strasbourg",BMC Patrol
Rani Mabley,rmableypt@wiley.com,5937159238,Prague Institute of Chemical Technology,Crisis Management
Cherye Ropkes,cropkespu@delicious.com,8057586689,Polytechnic University of Tirane,iOS Development
Ruben Hughill,rhughillpv@addtoany.com,8509064047,Universitas Nusa Cendana,FCAPS
Anet Hoy,ahoypw@free.fr,9113664525,Centre Universitaire d'Oum El Bouaghi,Microsoft Dynamics GP
Coralyn Gapper,cgapperpx@wikispaces.com,5427796916,Kanazawa University,OLTP
Damara Standell,dstandellpy@wordpress.com,4419216318,Antioch University Santa Barbara,TMJ Dysfunction
Dottie Antonioni,dantonionipz@nationalgeographic.com,1568878910,Osaka Sangyo University,Floor Plans
Stanly Greenwell,sgreenwellq0@tiny.cc,5447101467,University of Melbourne,Special Effects Makeup
Mora Plumstead,mplumsteadq1@nationalgeographic.com,2346466452,Military academy of Lithuania,Typesetting
Taddeo Pavlasek,tpavlasekq2@ezinearticles.com,4861271760,Nagaland University,Industrial Ethernet
Danila Sanpher,dsanpherq3@kickstarter.com,5523745249,"Benedictine University, Springfield College in Illinois",Systems Analysis
Granger Laval,glavalq4@dmoz.org,8542062062,Escuela Colombiana de Carreras Industriales,WTL
Leena Aldham,laldhamq5@twitpic.com,3966985099,Appalachian Bible College,Management
Horatius Sainte Paul,hsainteq6@plala.or.jp,7514204082,"Islamic Azad University, Maybod",HCSS
Kerrie Damiral,kdamiralq7@unesco.org,2149172259,Brevard College,Upstream
Grover Derwin,gderwinq8@uol.com.br,8839980780,Long Island University,HBOC
Ber Oki,bokiq9@time.com,2736772729,Guizhou Normal University,Digital Illustration
Jerrie Clemas,jclemasqa@vistaprint.com,5234491785,University of Presov,NPI Management
Chester Bemand,cbemandqb@bizjournals.com,9117903377,Riara University School of Business and Law,Registered Patent Attorney
Danie Hutsby,dhutsbyqc@netscape.com,6769467869,Fukushima Medical College,Payroll Taxes
Orran Martelet,omarteletqd@amazon.co.uk,2865368002,Kyunghee University,JDE CNC
Milton Yedall,myedallqe@vistaprint.com,3303421984,Universidade Estadual do Ceará,Prenuptial Agreements
Janaye Durrell,jdurrellqf@berkeley.edu,6272006971,Ionian University Corfu,GIS systems
Lowe Longhorn,llonghornqg@tinyurl.com,8818727010,Albany State University,Book Design
Nessa Slayton,nslaytonqh@upenn.edu,3968290754,Université Joseph Fourier (Grenoble I),TPMS
Florry Clapperton,fclappertonqi@joomla.org,8399892354,Hamamatsu University,Weapons
Merola Woofendell,mwoofendellqj@springer.com,9477666597,Universidad Argentina de la Empresa,HSRP
Nicolea Berzons,nberzonsqk@japanpost.jp,8509501675,University of Limerick,ZPL
Adelbert Please,apleaseql@google.es,1542587742,Universidad Hispanoamericana,EEG
Maryellen Richens,mrichensqm@amazonaws.com,2488603300,Universität Augsburg,NHL
Marylou McElwee,mmcelweeqn@pagesperso-orange.fr,7981897205,Azerbaijan University ol Languages,AQTF compliance
Timoteo Denerley,tdenerleyqo@cdbaby.com,8191467892,Beijing Normal University,BSF
Olivier Scroyton,oscroytonqp@hp.com,8994105637,University of Miskolc,QinQ
Joanne Lints,jlintsqq@studiopress.com,4398272398,Universidad Nacional de Villa María,Kronos Timekeeping
Godwin Swidenbank,gswidenbankqr@godaddy.com,3875804057,Universidad Albert Einstein,Market Analysis
Vinnie Vick,vvickqs@t.co,7055691022,Kazan State Finance and Economics Institute ,QRC
Alexei Wimp,awimpqt@foxnews.com,1674664851,Central South Forestry University,Outdoor Advertising
Kristal Ausello,kauselloqu@dyndns.org,7184888608,University of New Mexico,Alcohol Awareness
Ricoriki Verrier,rverrierqv@flickr.com,6407414681,Ho Chi Minh City University of Foreign Languages and Information Technology,QoS
Elvis Gallety,egalletyqw@sciencedirect.com,9583623996,Athenaeum of Ohio,Signal Processing
Cristine Heinsius,cheinsiusqx@so-net.ne.jp,9065159439,Université du Littoral Cote d'Opale,Air Freight
Ritchie Caraher,rcaraherqy@wordpress.com,3377844924,University of Science and Technology,Translation
Andros Lydiatt,alydiattqz@jimdo.com,6839479728,Western Oregon University,IBM HTTP Server
Lurette Bradbeer,lbradbeerr0@gravatar.com,8303991676,"Goldsmiths College, University of London",Underground Mining
Evyn Labram,elabramr1@free.fr,6503757451,Beijing University of Chinese Medicine and Pharmacology,JSA
Cynthie Kilgannon,ckilgannonr2@vk.com,7646261779,Universidad Nueva San Salvador,CMTS
Drucy Graeber,dgraeberr3@tamu.edu,1241673277,Université de Jendouba,Vectorworks
Roseann Brandi,rbrandir4@360.cn,1678322089,"University for Information Science and Technology  ""St. Paul The Apostle"" ",DHCP
Candie Malatalant,cmalatalantr5@nifty.com,8788746613,Krishna University,Railway
Yoko Probbing,yprobbingr6@youtu.be,5765344264,Fachhochschule Neu-Ulm,SSL Duality
Jarrad Taggart,jtaggartr7@google.it,2026764154,"Institute Of Technology, Australia",Geography
Sam Matei,smateir8@ihg.com,9292178204,Nazareth College,US GAAP
Lexi Matuszak,lmatuszakr9@va.gov,1387712830,Indiana Institute of Technologyy,McKesson STAR
Stinky Toye,stoyera@economist.com,2837380582,Universidad de Antioquia,Computer Network Operations
Celinda Pideon,cpideonrb@baidu.com,5358719094,Technische Universität Darmstadt,Athletic Performance
Eal Holhouse,eholhouserc@godaddy.com,3276775429,Central Institute of English and Foreign Languages,FBD
Cleve Dickerline,cdickerlinerd@constantcontact.com,8972935421,Al-Jabal Al-Gharbi University,TyMetrix
Noble Berkowitz,nberkowitzre@nytimes.com,4094748518,Université du Québec à Trois-Rivières,Pro II
Hadlee Coxall,hcoxallrf@aol.com,4778063172,Aga Khan University,Tortoise SVN
Roshelle Hazelden,rhazeldenrg@forbes.com,7748261995,Saba University,SRTP
Gretta Bowering,gboweringrh@blogs.com,8837175295,Cleveland Institute of Music,Young People
Karil Strowthers,kstrowthersri@de.vu,4497607021,University of Aleppo,Sustainable Design
Pooh Wolsey,pwolseyrj@shutterfly.com,6429571470,"Rutgers, The State University of New Jersey - Newark",Dbx
Mahmoud Clampton,mclamptonrk@geocities.com,9185840786,Fort Valley State College,Sports Nutrition
Eula Haldene,ehaldenerl@go.com,2851885344,Liverpool John Moores University,TCAD
Corine Growy,cgrowyrm@shareasale.com,2838297747,Universidad Tecnológica Metropolitana,WCS
Isidro Dobney,idobneyrn@mozilla.com,5803386123,Duale Hochschule Baden-Württemberg,XPages
Carlynn Van Bruggen,cvanro@netlog.com,5713591912,Facultés Universitaires Saint-Louis,IAR
Giles Darragon,gdarragonrp@delicious.com,6735648437,Ecole Nationale de la Météorologie,Outdoor Education
Belva Shipperbottom,bshipperbottomrq@newyorker.com,7199692123,University of Nueva Caceres,SFE
Dotti Nield,dnieldrr@vkontakte.ru,9158450655,Södertörn University College,GFI
